Source_DAT	Symbol_Name	Value	Size
EAGL_ANIM.dat	__Bone:::main.up_torso	0x000000b0	4
EAGL_ANIM.dat	__Bone:::main.mid_torso	0x000000a0	4
EAGL_ANIM.dat	__Bone:::main.low_torso	0x00000090	4
EAGL_ANIM.dat	__Bone:::main.lball	0x00000080	4
EAGL_ANIM.dat	__Bone:::main.rball	0x00000040	4
EAGL_ANIM.dat	__Bone:::main.lhip	0x00000050	4
EAGL_ANIM.dat	__Bone:::main.headend	0x000000e0	4
EAGL_ANIM.dat	__Skeleton:::main	0x000001b0	4
EAGL_ANIM.dat	__Bone:::main.main	0x00000000	4
EAGL_ANIM.dat	__EAGL_TOOLLIB_VERSION:::EAGL_TOOLLIB_VERSION-4	0x00000000	4
EAGL_ANIM.dat	__Bone:::main.lclavicle	0x00000150	4
EAGL_ANIM.dat	__Bone:::main.rclavicle	0x000000f0	4
EAGL_ANIM.dat	__Bone:::main.lshoulder	0x00000160	4
EAGL_ANIM.dat	__Bone:::main.rshoulder	0x00000100	4
EAGL_ANIM.dat	__Bone:::main.lwrist	0x00000190	4
EAGL_ANIM.dat	__Bone:::main.rwrist	0x00000130	4
EAGL_ANIM.dat	__Bone:::main.necklo	0x000000c0	4
EAGL_ANIM.dat	__Bone:::main.neckhi	0x000000d0	4
EAGL_ANIM.dat	__Bone:::main.lknee	0x00000060	4
EAGL_ANIM.dat	__Bone:::main.rknee	0x00000020	4
EAGL_ANIM.dat	__Bone:::main.rhip	0x00000010	4
EAGL_ANIM.dat	__Bone:::main.lankle	0x00000070	4
EAGL_ANIM.dat	__Bone:::main.rankle	0x00000030	4
EAGL_ANIM.dat	__Bone:::main.lelbow	0x00000170	4
EAGL_ANIM.dat	__Bone:::main.relbow	0x00000110	4
EAGL_ANIM.dat	__Bone:::main.LFOOTBALL	0x000001a0	4
EAGL_ANIM.dat	__Bone:::main.RFOOTBALL	0x00000140	4
EAGL_ANIM.dat	__Bone:::main.lforearm	0x00000180	4
EAGL_ANIM.dat	__Bone:::main.rforearm	0x00000120	4
OBJMODEL.dat	__Model:::tmp_OBS_Barre01	0x000004cc	4
OBJMODEL.dat	__BBOX:::tmp_OBS_Barre01	0x00000420	4
OBJMODEL.dat	__EAGL::GeoPrimState:::RUNTIME_ALLOC::UID=2066;PSPEXTOBJ_SetVolatile=false;;SetPrimitiveType=EAGL::PT_TRIANGLESTRIP;	0x00000000	0
OBJMODEL.dat	__EAGL_TOOLLIB_VERSION:::EAGL_TOOLLIB_VERSION-4	0x00000000	4
OBJMODEL.dat	__EAGL::TAR:::RUNTIME_ALLOC::UID=2066;SHAPENAME=OC11,1;PSPEXTOBJ_SetClampU=EAGL::PSP_CM_WRAP;PSPEXTOBJ_SetClampV=EAGL::PSP_CM_WRAP;PSPEXTOBJ_SetVolatile=false;PSPEXTOBJ_SetTexMapMode=EAGL::TMM_PROJECTION_MAP;PSPEXTOBJ_SetProjectionMapMode=EAGL::PMM_UV	0x00000000	0
OBJMODEL.dat	LitObjects	0x00000000	0
OBJMODEL.dat	__Addr:::__addrprimdata_6_0	0x000003c8	4
STATMOD.dat	__Addr:::__addrprimdata_8_0	0x00000734	4
STATMOD.dat	Color_Gouraud	0x00000000	0
STATMOD.dat	__EAGL::GeoPrimState:::RUNTIME_ALLOC::UID=1501;SetTextureEnable=false;;SetPrimitiveType=EAGL::PT_TRIANGLESTRIP;	0x00000000	0
STATMOD.dat	__Model:::ControlA	0x00000884	4
STATMOD.dat	__BBOX:::ControlA	0x000007a0	4
STATMOD.dat	__EAGL_TOOLLIB_VERSION:::EAGL_TOOLLIB_VERSION-4	0x00000000	4
STATMOD.dat	__EAGL::Colour:::gColor	0x00000000	0
STATMOD.dat	__MATRIX4:::EAGL::ViewPort::gpModelMatrix	0x00000000	0
