Section	Type	Address	Offset	Size
	0x00	0x00000000	0x00000000	0
.text	0x01	0x00000000	0x00000100	3297368
.rel.text	0x700000a0	0x00000000	0x0039abac	972504
.sceStub.text.sceAudio	0x01	0x00325058	0x00325158	72
.sceStub.text.sceSasCore	0x01	0x003250a0	0x003251a0	168
.sceStub.text.sceNetAdhocctl	0x01	0x00325148	0x00325248	48
.sceStub.text.sceNetAdhoc	0x01	0x00325178	0x00325278	48
.sceStub.text.sceNet	0x01	0x003251a8	0x003252a8	40
.sceStub.text.sceAtrac3plus	0x01	0x003251d0	0x003252d0	56
.sceStub.text.sceUmdUser	0x01	0x00325208	0x00325308	32
.sceStub.text.InterruptManager	0x01	0x00325228	0x00325328	24
.sceStub.text.sceGe_user	0x01	0x00325240	0x00325340	40
.sceStub.text.sceDisplay	0x01	0x00325268	0x00325368	24
.sceStub.text.sceCtrl	0x01	0x00325280	0x00325380	24
.sceStub.text.Kernel_Library	0x01	0x00325298	0x00325398	16
.sceStub.text.sceUtility	0x01	0x003252a8	0x003253a8	56
.sceStub.text.sceWlanDrv	0x01	0x003252e0	0x003253e0	8
.sceStub.text.sceMpeg	0x01	0x003252e8	0x003253e8	184
.sceStub.text.scePower	0x01	0x003253a0	0x003254a0	8
.sceStub.text.sceRtc	0x01	0x003253a8	0x003254a8	16
.sceStub.text.sceSuspendForUser	0x01	0x003253b8	0x003254b8	40
.sceStub.text.UtilsForUser	0x01	0x003253e0	0x003254e0	56
.sceStub.text.ThreadManForUser	0x01	0x00325418	0x00325518	200
.sceStub.text.SysMemUserForUser	0x01	0x003254e0	0x003255e0	48
.sceStub.text.StdioForUser	0x01	0x00325510	0x00325610	24
.sceStub.text.ModuleMgrForUser	0x01	0x00325528	0x00325628	56
.sceStub.text.LoadExecForUser	0x01	0x00325560	0x00325660	16
.sceStub.text.IoFileMgrForUser	0x01	0x00325570	0x00325670	120
.text	0x01	0x003255e8	0x003256e8	36964
.rel.text	0x700000a0	0x00000000	0x00488284	18000
.lib.ent.top	0x01	0x0032e64c	0x0032e74c	4
.lib.ent	0x01	0x0032e650	0x0032e750	16
.rel.lib.ent	0x700000a0	0x00000000	0x0048c8d4	8
.lib.ent.btm	0x01	0x0032e660	0x0032e760	4
.lib.stub.top	0x01	0x0032e664	0x0032e764	4
.lib.stub	0x01	0x0032e668	0x0032e768	500
.rel.lib.stub	0x700000a0	0x00000000	0x0048c8dc	600
.lib.stub.btm	0x01	0x0032e85c	0x0032e95c	4
.rodata.sceModuleInfo	0x01	0x0032e860	0x0032e960	52
.rel.rodata.sceModuleInfo	0x700000a0	0x00000000	0x0048cb34	32
.rodata.sceResident	0x01	0x0032e894	0x0032e994	496
.rel.rodata.sceResident	0x700000a0	0x00000000	0x0048cb54	40
.rodata.sceNid	0x01	0x0032ea84	0x0032eb84	712
.rodata	0x01	0x0032ed50	0x0032ee50	4824
.rel.rodata	0x700000a0	0x00000000	0x0048cb8c	456
.data	0x01	0x00330040	0x00330140	281180
.rel.data	0x700000a0	0x00000000	0x0049e9dc	61120
.eh_frame	0x01	0x00374a9c	0x00374b9c	116
.rel.eh_frame	0x700000a0	0x00000000	0x0048cb7c	16
.rodata	0x01	0x00374b10	0x00374c10	145688
.rel.rodata	0x700000a0	0x00000000	0x0048cd54	72840
.ctors	0x01	0x00398428	0x00398528	8
.dtors	0x01	0x00398430	0x00398530	8
.cplinit	0x01	0x00398438	0x00398538	2960
.rel.cplinit	0x700000a0	0x00000000	0x004ad89c	2952
.linkonce.d	0x01	0x00398fc8	0x003990c8	3456
.rel.linkonce.d	0x700000a0	0x00000000	0x004ae424	2952
.bss	0x08	0x00399d80	0x00399e48	586636
.shstrtab	0x03	0x00000000	0x00399e48	1065
