Target_Addr	Size	Symbol_Name	Source_Build	Detail
0x8000e744	64	MatRotZYX	NASCAR 2005 (Tiburon DWARF)	0x801c867c
0x800164f0	204	_gmCred_FormatText__FPc	NASCAR 2005 (Tiburon DWARF)	0x800de5a4
0x800261a4	60	GSStart__17FlowModuleCareerC	NASCAR 2005 (Tiburon DWARF)	0x800b2bcc
0x8002664c	48	GSStart__18FlowModuleTextureC	NASCAR 2005 (Tiburon DWARF)	0x800bc2e4
0x80026c5c	104	BuildMatrix__Q24EAGL9TransformPC7MATRIX4	MoH European Assault (DWARF)	0x80263f30
0x800271a4	48	WALLPASS_registerEvents(void)	UEFA 2004 (Map)	cpp.obj
0x8002ae90	84	_VptManagerCreateStack__FPv	NASCAR 2005 (Tiburon DWARF)	0x800a5354
0x8002aee4	64	_VptManagerDestroyStack__FPv	NASCAR 2005 (Tiburon DWARF)	0x800a53a8
0x8002af24	92	_VptManagerAttach__FP17VptManagerStack_tP22VptManagerStackEntry_t	NASCAR 2005 (Tiburon DWARF)	0x800a53e8
0x8002af80	116	_VptManagerDetach__FP17VptManagerStack_tP22VptManagerStackEntry_t	NASCAR 2005 (Tiburon DWARF)	0x800a5444
0x8002aff4	56	_VptManagerNewStackEntry__FP17VptManagerStack_t	NASCAR 2005 (Tiburon DWARF)	0x800a54ec
0x8002b2d4	264	VptManagerPushCamera__FPvP8CamHdr_tPFPvP8CamHdr_t_UcT2	NASCAR 2005 (Tiburon DWARF)	0x800a5648
0x8002b3dc	184	VptManagerPopCamera__FPvP8CamHdr_t	NASCAR 2005 (Tiburon DWARF)	0x800a5750
0x8002b494	188	VptManagerReplaceCamera__FPvP8CamHdr_tT1	NASCAR 2005 (Tiburon DWARF)	0x800a5808
0x8002b550	72	VptManagerGetCurrentCamera__FPv	NASCAR 2005 (Tiburon DWARF)	0x800a58c4
0x8002b92c	52	InputMgrDeviceScan__Fv	NASCAR 2005 (Tiburon DWARF)	0x80077a78
0x8003aea8	48	LLTrackObjGetClut__FPci	NASCAR 2005 (Tiburon DWARF)	0x80104a44
0x80051d0c	84	__static_initialization_and_destruction_0	NASCAR 2005 (Tiburon DWARF)	0x801cf00c
0x8006164c	48	_AIPDMustPitBeforeEndOfRace__FP5Car_t	NASCAR 2005 (Tiburon DWARF)	0x80040540
0x800634b4	48	Redux::Database::Detail::RowSet::Range::operator>(Redux::Database::Detail::RowSet::Tkv &)	UEFA 2004 (Map)	cpp.obj
0x8006c040	52	SetAchievementCompleted__19StylePointsManagerCs	NASCAR 2005 (Tiburon DWARF)	0x80093bd0
0x8006ce84	68	TransferMarket::ResolveConfliction(int)	UEFA 2004 (Map)	cpp.obj
0x8006df6c	60	NSndStopMenuFX__FUi	NASCAR 2005 (Tiburon DWARF)	0x80045b68
0x80073528	52	BE_purge(void)	UEFA 2004 (Map)	cpp.obj
0x8007becc	72	GetMinPrice__19MerchandiseManagerC12MerchandiseE7SeriesE	NASCAR 2005 (Tiburon DWARF)	0x8013b77c
0x8008040c	64	checkname	MoH European Assault (DWARF)	0x80373e4c
0x80088f2c	76	_MainInitFastCast__Fv	NASCAR 2005 (Tiburon DWARF)	0x80099348
0x800895ec	52	_ChecksumCRC32_Calculate	NASCAR 2005 (Tiburon DWARF)	0x801b3038
0x80089620	72	_ChecksumCRC32_CreateLookupTable	NASCAR 2005 (Tiburon DWARF)	0x801b306c
0x8008b994	52	GSStart__21FlowModuleMemoryCardC	NASCAR 2005 (Tiburon DWARF)	0x800b60e8
0x8008f940	56	Marketing_RestartAction__Fv	NASCAR 2005 (Tiburon DWARF)	0x80076860
0x8009c3f8	120	_CharAnimStdStart__FP23AnimFileStateAnimList_tP12AnimObjHdr_tP13AnimChannel_tPvUs	NASCAR 2005 (Tiburon DWARF)	0x8011e0bc
0x8009c470	64	_CharAnimStdStateSel__FP23AnimFileStateAnimList_tUsP12AnimObjHdr_tP13AnimChannel_tPvUi	NASCAR 2005 (Tiburon DWARF)	0x8011e134
0x800a1478	48	_AIMBYellowFlagRule__FPC5Car_t	NASCAR 2005 (Tiburon DWARF)	0x80035aa4
0x800ad600	52	PitManagerUpdate__Ff	NASCAR 2005 (Tiburon DWARF)	0x8007c9c0
0x800ec840	48	_NSpeechGetTrackBroadcastType__Fv	NASCAR 2005 (Tiburon DWARF)	0x8005644c
0x8013c824	48	DoNotifyCallback__Q29GoldMedal10SoundEntry16SoundCBEventCode	MoH European Assault (DWARF)	0x8036181c
0x8013f820	60	ClearWeaponSlot__14CSoldierObjecti	MoH European Assault (DWARF)	0x800aed50
0x8013fa24	52	CamGameProcess__Fv	NASCAR 2005 (Tiburon DWARF)	0x8009a838
0x8013fa58	52	hkMyMalloc__Fii	MoH European Assault (DWARF)	0x801d6b74
0x8013fa8c	52	TMTexLibRegistryInit	NASCAR 2005 (Tiburon DWARF)	0x801fcae4
0x8014b4e8	64	_._14CEventObserver	NASCAR 2005 (Tiburon DWARF)	0x80158ee4
0x80151598	56	GetHeuristicUpdateFrequency__19CMeleePunchBehavior	GoldenEye Rogue Agent (DWARF)	0x800ddae0
0x80154a88	48	_AllStarWinstonSelectionSegTwo__Fv	NASCAR 2005 (Tiburon DWARF)	0x80140fec
0x80156108	64	_._21CAIVehiclePathFinding	GoldenEye Rogue Agent (DWARF)	0x8044eb9c
0x80173c68	68	GOALIEDATA_Init(void)	UEFA 2004 (Map)	cpp.obj
0x80178b5c	72	Database::Purge(void)	UEFA 2004 (Map)	cpp.obj
0x8017cbfc	56	MatStore	NASCAR 2005 (Tiburon DWARF)	0x801c89a8
0x8018430c	52	_CarShUnbindDecalL	NASCAR 2005 (Tiburon DWARF)	0x80117e88
0x80186270	56	FindAsset__Q37Loading15ResourceManager11DefaultTypeRCQ39GoldMedal15ResourceManager5FieldRi	MoH European Assault (DWARF)	0x80028174
0x8018c1a8	56	_GetTrackNameFromRaceId__FUsPc	NASCAR 2005 (Tiburon DWARF)	0x800d74f0
0x8018e8b0	68	StartGag__12CScriptedGagR9IGagActorPCci	MoH European Assault (DWARF)	0x80130998
0x80190a7c	540	_AnimExtnRelocateMotion__FP16AnimFileFormat_t	NASCAR 2005 (Tiburon DWARF)	0x8011d8ec
0x80190c98	244	_AnimExtnRelocateCompressTable__FP16AnimFileFormat_t	NASCAR 2005 (Tiburon DWARF)	0x8011db08
0x80190d8c	64	AnimExtnRelocateFile__FP16AnimFileFormat_t	NASCAR 2005 (Tiburon DWARF)	0x8011dbfc
0x80190f18	336	ReadBitStream__FP11BitStream_tUi	NASCAR 2005 (Tiburon DWARF)	0x8011de98
0x80191810	88	LLmcGetGenericType__F9MemCTypeE	NASCAR 2005 (Tiburon DWARF)	0x800a9944
0x8019634c	200	_CommonShBindOnePassNL	NASCAR 2005 (Tiburon DWARF)	0x801168f8
0x80196414	108	_CommonShBindColorNL	NASCAR 2005 (Tiburon DWARF)	0x801167ec
0x80196af0	48	LLParticlesDrawSetup__Fv	NASCAR 2005 (Tiburon DWARF)	0x801097e0
0x80197d08	348	LLOpticsWorldToScreenUnit__FP6Vec4_tP6Vec3_t	NASCAR 2005 (Tiburon DWARF)	0x8013416c
0x801a2e90	56	Orthonormalize__9SceneNode	MoH European Assault (DWARF)	0x80146ef4
0x801a679c	64	RlerpFrame__FPsN20ii	NASCAR 2005 (Tiburon DWARF)	0x8011dfe8
0x801a67dc	92	RlerpCmpFrame__FPsN20iiT0T0	NASCAR 2005 (Tiburon DWARF)	0x8011e028
0x801a6838	56	DecompFrame__FPsT0iT0T0	NASCAR 2005 (Tiburon DWARF)	0x8011e084
0x801a983c	224	_LLMotAnimReadHeader__FP13MotionFrame_tPUc	NASCAR 2005 (Tiburon DWARF)	0x8011e940
0x801c2030	112	memmove	NASCAR 2005 (Tiburon DWARF)	0x801ba370
0x80227f24	96	_VptTraverseRemoveCallback	NASCAR 2005 (Tiburon DWARF)	0x80203f14
0x802280b0	228	VptInit	NASCAR 2005 (Tiburon DWARF)	0x80203fb0
0x80228194	144	VptShutdown	NASCAR 2005 (Tiburon DWARF)	0x80204094
0x80228224	472	VptOpen	NASCAR 2005 (Tiburon DWARF)	0x80204124
0x802283fc	120	VptClose	NASCAR 2005 (Tiburon DWARF)	0x802042fc
0x80228474	120	VptSetCallback	NASCAR 2005 (Tiburon DWARF)	0x80204374
0x80228530	100	VptUpdateCamera	NASCAR 2005 (Tiburon DWARF)	0x80204430
0x80228670	56	VptSaveMatrix	NASCAR 2005 (Tiburon DWARF)	0x80204524
0x802286d8	168	VptSetPerspective	NASCAR 2005 (Tiburon DWARF)	0x80204580
0x80228780	84	VptSetZScale	NASCAR 2005 (Tiburon DWARF)	0x80204628
0x802287d4	292	_VptSetupScissor	NASCAR 2005 (Tiburon DWARF)	0x8020467c
0x802288f8	80	VptLLInit	NASCAR 2005 (Tiburon DWARF)	0x802047a0
0x80228948	48	VptLLShutdown	NASCAR 2005 (Tiburon DWARF)	0x802047f0
0x80228988	116	VptViewport	NASCAR 2005 (Tiburon DWARF)	0x80204830
0x802289fc	56	VptFrustum	NASCAR 2005 (Tiburon DWARF)	0x802048a4
0x80228a34	160	VptOrtho	NASCAR 2005 (Tiburon DWARF)	0x802048dc
0x80228b74	484	VptSetUpRender	NASCAR 2005 (Tiburon DWARF)	0x8020497c
0x80228dd4	68	VptFlushObjectTrash	NASCAR 2005 (Tiburon DWARF)	0x80204b60
0x8023d2cc	88	OSInitSemaphore	NASCAR 2005 (Tiburon DWARF)	0x80209790
0x8023d324	112	OSWaitSemaphore	NASCAR 2005 (Tiburon DWARF)	0x802097e8
0x8023d394	96	OSSignalSemaphore	NASCAR 2005 (Tiburon DWARF)	0x80209858
0x8023d414	100	__OSInitSystemCall	NASCAR 2005 (Tiburon DWARF)	0x802098d8
0x80241b90	56	__DVDClearWaitingQueue	NASCAR 2005 (Tiburon DWARF)	0x8020e3f4
0x80241bc8	104	__DVDPushWaitingQueue	NASCAR 2005 (Tiburon DWARF)	0x8020e42c
0x80241c30	160	__DVDPopWaitingQueue	NASCAR 2005 (Tiburon DWARF)	0x8020e494
0x80241cd0	88	__DVDCheckWaitingQueue	NASCAR 2005 (Tiburon DWARF)	0x8020e534
0x80241d28	96	__DVDDequeueWaitingQueue	NASCAR 2005 (Tiburon DWARF)	0x8020e58c
0x80241d88	284	ErrorCode2Num	NASCAR 2005 (Tiburon DWARF)	0x8020e5ec
0x80241ea4	124	__DVDStoreErrorCode	NASCAR 2005 (Tiburon DWARF)	0x8020e708
0x8024648c	304	ClampStick	NASCAR 2005 (Tiburon DWARF)	0x80212cf8
0x802465bc	276	PADClamp	NASCAR 2005 (Tiburon DWARF)	0x80212e28
0x80249c78	256	__ARQServiceQueueLo	NASCAR 2005 (Tiburon DWARF)	0x802164e4
0x80249d7c	204	__ARQInterruptServiceRoutine	NASCAR 2005 (Tiburon DWARF)	0x802165e8
0x80249e48	112	ARQInit	NASCAR 2005 (Tiburon DWARF)	0x802166b4
0x80249eb8	348	ARQPostRequest	NASCAR 2005 (Tiburon DWARF)	0x80216724
0x8024a014	232	ARQRemoveRequest	NASCAR 2005 (Tiburon DWARF)	0x80216880
0x8024aae4	84	C:\Progra~1\DolphinSDK1.0\HW2\lib\mtx.a(mtxvec.o)	UEFA 2004 (Map)	mtxvec.o
0x8024ab38	84	PSMTXMultVecSR	GoldenEye Rogue Agent (DWARF)	0x803e38f4
0x8024ab8c	156	C_MTXFrustum	NASCAR 2005 (Tiburon DWARF)	0x80217440
0x8024ac28	152	C_MTXOrtho	NASCAR 2005 (Tiburon DWARF)	0x802174dc
0x8024e888	128	__GXSetDirtyState	NASCAR 2005 (Tiburon DWARF)	0x8021b0f4
0x8024e908	208	GXBegin	NASCAR 2005 (Tiburon DWARF)	0x8021b174
0x8024e9d8	136	__GXSendFlushPrim	NASCAR 2005 (Tiburon DWARF)	0x8021b244
0x8024ea60	64	GXSetLineWidth	NASCAR 2005 (Tiburon DWARF)	0x8021b2cc
0x8024eaa0	64	GXSetPointSize	NASCAR 2005 (Tiburon DWARF)	0x8021b30c
0x8024eae0	72	GXEnableTexOffsets	NASCAR 2005 (Tiburon DWARF)	0x8021b34c
0x8024eb28	68	GXSetCullMode	NASCAR 2005 (Tiburon DWARF)	0x8021b394
0x8024eb6c	52	GXSetCoPlanar	NASCAR 2005 (Tiburon DWARF)	0x8021b3d8
0x8024f664	400	GXInitLightSpot	NASCAR 2005 (Tiburon DWARF)	0x8021bed0
0x8024f7f4	208	GXInitLightDistAttn	MoH European Assault (DWARF)	0x803df5e0
0x8024f8f0	228	GXInitSpecularDir	NASCAR 2005 (Tiburon DWARF)	0x8021c060
0x80254648	212	WriteCallback	NASCAR 2005 (Tiburon DWARF)	0x80220b4c
0x802547e4	280	__CARDAllocBlock	NASCAR 2005 (Tiburon DWARF)	0x80220ce8
0x802548fc	156	__CARDFreeBlock	NASCAR 2005 (Tiburon DWARF)	0x80220e00
0x80254998	172	__CARDUpdateFatBlock	NASCAR 2005 (Tiburon DWARF)	0x80220e9c
0x80254a4c	208	WriteCallback	NASCAR 2005 (Tiburon DWARF)	0x80220f50
0x80254be4	196	__CARDUpdateDir	NASCAR 2005 (Tiburon DWARF)	0x802210e8
0x80254ca8	432	__CARDCheckSum	NASCAR 2005 (Tiburon DWARF)	0x802211ac
0x80254e58	644	VerifyID	NASCAR 2005 (Tiburon DWARF)	0x8022135c
0x802550dc	576	VerifyDir	NASCAR 2005 (Tiburon DWARF)	0x802215e0
0x8025531c	644	VerifyFAT	NASCAR 2005 (Tiburon DWARF)	0x80221820
0x802555a0	140	__CARDVerify	NASCAR 2005 (Tiburon DWARF)	0x80221aa4
0x8025562c	1424	CARDCheckExAsync	NASCAR 2005 (Tiburon DWARF)	0x80221b30
0x80255be4	84	CARDCheck	NASCAR 2005 (Tiburon DWARF)	0x802220e8
0x80256730	324	FormatCallback	NASCAR 2005 (Tiburon DWARF)	0x80222c34
0x80256874	1624	__CARDFormatRegionAsync	NASCAR 2005 (Tiburon DWARF)	0x80222d78
0x80256ecc	72	CARDFormatAsync	NASCAR 2005 (Tiburon DWARF)	0x802233d0
0x802574e8	304	CreateCallbackFat	NASCAR 2005 (Tiburon DWARF)	0x802239ec
0x80257618	544	CARDCreateAsync	NASCAR 2005 (Tiburon DWARF)	0x80223b1c
0x80257838	72	CARDCreate	NASCAR 2005 (Tiburon DWARF)	0x80223d3c
0x80257880	440	__CARDSeek	NASCAR 2005 (Tiburon DWARF)	0x80223d84
0x80257a38	304	ReadCallback	NASCAR 2005 (Tiburon DWARF)	0x80223f3c
0x80257b68	324	CARDReadAsync	NASCAR 2005 (Tiburon DWARF)	0x8022406c
0x80257cf4	368	WriteCallback	NASCAR 2005 (Tiburon DWARF)	0x802241f8
0x80257e64	176	EraseCallback	NASCAR 2005 (Tiburon DWARF)	0x80224368
0x80257f14	276	CARDWriteAsync	NASCAR 2005 (Tiburon DWARF)	0x80224418
0x80258070	164	DeleteCallback	NASCAR 2005 (Tiburon DWARF)	0x80224574
0x80258114	300	CARDFastDeleteAsync	NASCAR 2005 (Tiburon DWARF)	0x80224618
0x80258288	272	CARDDeleteAsync	NASCAR 2005 (Tiburon DWARF)	0x8022478c
0x802583e0	504	UpdateIconOffsets	NASCAR 2005 (Tiburon DWARF)	0x802248e4
0x802585d8	276	CARDGetStatus	NASCAR 2005 (Tiburon DWARF)	0x80224adc
0x802586ec	372	CARDSetStatusAsync	NASCAR 2005 (Tiburon DWARF)	0x80224bf0
0x80258860	72	CARDMount	NASCAR 2005 (Tiburon DWARF)	0x80222aa4
0x80259be4	100	__CARDRead	NASCAR 2005 (Tiburon DWARF)	0x802260e8
0x80259d24	100	__CARDWrite	NASCAR 2005 (Tiburon DWARF)	0x80226228
0x8025bd58	60	SIIsChanBusy	NASCAR 2005 (Tiburon DWARF)	0x8022825c
0x8025bd94	764	CompleteTransfer	NASCAR 2005 (Tiburon DWARF)	0x80228298
0x8025c090	836	SIInterruptHandler	NASCAR 2005 (Tiburon DWARF)	0x80228594
0x8025c3d4	152	SIEnablePollingInterrupt	NASCAR 2005 (Tiburon DWARF)	0x802288d8
0x8025c46c	204	SIRegisterPollingHandler	NASCAR 2005 (Tiburon DWARF)	0x80228970
0x8025c538	244	SIUnregisterPollingHandler	NASCAR 2005 (Tiburon DWARF)	0x80228a3c
0x8025c62c	180	SIInit	NASCAR 2005 (Tiburon DWARF)	0x80228b30
0x8025c6e0	524	__SITransfer	NASCAR 2005 (Tiburon DWARF)	0x80228be4
0x8025c8ec	124	SIGetStatus	NASCAR 2005 (Tiburon DWARF)	0x80228df0
0x8025c98c	108	SISetXY	NASCAR 2005 (Tiburon DWARF)	0x80228e90
0x8025c9f8	156	SIEnablePolling	NASCAR 2005 (Tiburon DWARF)	0x80228efc
0x8025ca94	108	SIDisablePolling	NASCAR 2005 (Tiburon DWARF)	0x80228f98
0x8025cb00	212	SIGetResponseRaw	NASCAR 2005 (Tiburon DWARF)	0x80229004
0x8025cbd4	196	SIGetResponse	NASCAR 2005 (Tiburon DWARF)	0x802290d8
0x8025cc98	140	AlarmHandler	NASCAR 2005 (Tiburon DWARF)	0x8022919c
0x8025cd24	364	SITransfer	NASCAR 2005 (Tiburon DWARF)	0x80229228
0x8025ce90	664	GetTypeCallback	NASCAR 2005 (Tiburon DWARF)	0x80229394
0x8025d128	452	SIGetType	NASCAR 2005 (Tiburon DWARF)	0x8022962c
0x8025d2ec	316	SIGetTypeAsync	NASCAR 2005 (Tiburon DWARF)	0x802297f0
0x8025d428	332	SIDecodeType	NASCAR 2005 (Tiburon DWARF)	0x8022992c
0x8025d598	228	SISetSamplingRate	NASCAR 2005 (Tiburon DWARF)	0x80229a9c
0x80285b34	196	DSPInit	NASCAR 2005 (Tiburon DWARF)	0x80253a30
0x80285c00	112	DSPAddTask	NASCAR 2005 (Tiburon DWARF)	0x80253afc
0x80285c70	64	DSPCancelTask	NASCAR 2005 (Tiburon DWARF)	0x80253b6c
0x80285cb0	200	DSPAssertTask	NASCAR 2005 (Tiburon DWARF)	0x80253bac
0x802861ec	416	__DSP_exec_task	NASCAR 2005 (Tiburon DWARF)	0x802540e8
0x8028638c	396	__DSP_boot_task	NASCAR 2005 (Tiburon DWARF)	0x80254288
0x80286518	160	__DSP_insert_task	NASCAR 2005 (Tiburon DWARF)	0x80254414
0x802865b8	148	__DSP_remove_task	NASCAR 2005 (Tiburon DWARF)	0x802544b4
0x80286670	76	AXInitEx	NASCAR 2005 (Tiburon DWARF)	0x8025456c
0x802866bc	52	AXQuit	NASCAR 2005 (Tiburon DWARF)	0x802545b8
0x80286708	116	__AXServiceCallbackStack	NASCAR 2005 (Tiburon DWARF)	0x80254604
0x80286930	148	__AXRemoveFromStack	NASCAR 2005 (Tiburon DWARF)	0x8025482c
0x802869c4	128	AXFreeVoice	NASCAR 2005 (Tiburon DWARF)	0x802548c0
0x80286a44	372	AXAcquireVoice	NASCAR 2005 (Tiburon DWARF)	0x80254940
0x80286bb8	228	__AXAuxInit	NASCAR 2005 (Tiburon DWARF)	0x80254ab4
0x80286e04	572	__AXProcessAux	NASCAR 2005 (Tiburon DWARF)	0x80254d00
0x80287f58	1016	__AXPrintStudio	NASCAR 2005 (Tiburon DWARF)	0x80255e54
0x80288380	148	__AXDepopVoice	NASCAR 2005 (Tiburon DWARF)	0x8025627c
