Module	Size	MD5
libadler.prx	1088	b0c9e767ee694c9eedc52bc674d7a5c8
libbase64.prx	1472	085af53b8baea6d5d3089aaa6215e42c
libccc.prx	3520	c05ff02b81bcf193c4747efde22e2b83
libdeflt.prx	4416	d87510b537e32d4dfb63f9fa53244228
libfont.prx	23456	cc7769d9960fc0e38ee0ecffc41fe1ee
libfpu.prx	4192	af190b3c5a035fe442da466b3df8b2e3
libmd5.prx	2400	78df3465d47733e3e7ebb5a2a768f4b0
libmt19937.prx	1312	384452fa234c7a8640ba8ee81ae607c6
libpsmfplayer.prx	35904	cb53773c85eac12369e942eb3b090f0a
libqpcode.prx	1952	c0d6f7435771cdca6fd688ca9334bc5c
libsha1.prx	2576	b39e1b0650feee68960400da9f648ed2
libsha224.prx	2928	6d0b22a0571925dee9a5be4b8bca4975
libsha256.prx	2928	179d15398d76c90b9a20fddf51150eb6
libsha512.prx	4672	ce7fa1681de2af167b630a4cc888907b
psmf.prx	7440	f377ed3fcfc3edc27f2beca7b9ff78ea
pspnet_ap_dialog_dummy.prx	2448	8c46283b0f11e41414fd7bbe79f82bf2
scan.prx	31792	3c2b8577fd4112d66368d9717d7ca9b2
show_macaddr.prx	29520	ba7289535de5913e5413e508393b1354
