Module	Address	Size	Type	Binding	Name
DRTYSCKF.IRX	0x00000000	0	NOTYPE	LOCAL	gcc2_compiled.
DRTYSCKF.IRX	0x00000000	0	NOTYPE	LOCAL	__gnu_compiled_c
DRTYSCKF.IRX	0x00010848	0	NOTYPE	LOCAL	_PowerOffFlag
DRTYSCKF.IRX	0x00000000	40	FUNC	LOCAL	PowerOffHandler
DRTYSCKF.IRX	0x00000028	364	FUNC	LOCAL	PowerOffThread
DRTYSCKF.IRX	0x00000194	184	FUNC	LOCAL	PowerOffSetup
DRTYSCKF.IRX	0x0000024c	164	FUNC	LOCAL	_StartupParm
DRTYSCKF.IRX	0x000003b0	0	NOTYPE	LOCAL	gcc2_compiled.
DRTYSCKF.IRX	0x000003b0	0	NOTYPE	LOCAL	__gnu_compiled_c
DRTYSCKF.IRX	0x00010850	0	NOTYPE	LOCAL	_Net_iStarted
DRTYSCKF.IRX	0x00010854	0	NOTYPE	LOCAL	_Net_iActive
DRTYSCKF.IRX	0x00010858	0	NOTYPE	LOCAL	_Net_iConfig
DRTYSCKF.IRX	0x0001085c	0	NOTYPE	LOCAL	_Net_uElapsed
DRTYSCKF.IRX	0x00010860	0	NOTYPE	LOCAL	_Net_uHostAddr
DRTYSCKF.IRX	0x00010864	0	NOTYPE	LOCAL	_Net_pHostLookup
DRTYSCKF.IRX	0x00010868	0	NOTYPE	LOCAL	_Net_strHostName
DRTYSCKF.IRX	0x000003b0	84	FUNC	LOCAL	_EventHandler
DRTYSCKF.IRX	0x00000404	120	FUNC	LOCAL	_FindSubstring
DRTYSCKF.IRX	0x0000047c	104	FUNC	LOCAL	_PutBufStringCopy
DRTYSCKF.IRX	0x000004e4	1080	FUNC	LOCAL	_BuildConfigList
DRTYSCKF.IRX	0x0000091c	248	FUNC	LOCAL	_PatchConfigEnv
DRTYSCKF.IRX	0x00000a14	988	FUNC	LOCAL	_GetConnectState
DRTYSCKF.IRX	0x00000df0	176	FUNC	LOCAL	RpcNetworkCreate
DRTYSCKF.IRX	0x00000ea0	8	FUNC	LOCAL	RpcNetworkDestroy
DRTYSCKF.IRX	0x00000ea8	88	FUNC	LOCAL	RpcNetworkList
DRTYSCKF.IRX	0x00010950	2160	NOTYPE	LOCAL	Env.20
DRTYSCKF.IRX	0x000111c0	4096	NOTYPE	LOCAL	pMem.21
DRTYSCKF.IRX	0x00000f00	576	FUNC	LOCAL	RpcNetworkStartup
DRTYSCKF.IRX	0x000121c0	16	NOTYPE	LOCAL	_Net_EventProc
DRTYSCKF.IRX	0x00001140	48	FUNC	LOCAL	RpcNetworkShutdown
DRTYSCKF.IRX	0x00001170	1168	FUNC	LOCAL	RpcNetworkStatus
DRTYSCKF.IRX	0x000016f0	0	NOTYPE	LOCAL	gcc2_compiled.
DRTYSCKF.IRX	0x000016f0	0	NOTYPE	LOCAL	__gnu_compiled_c
DRTYSCKF.IRX	0x000108b0	0	NOTYPE	LOCAL	rpc_alive
DRTYSCKF.IRX	0x00012250	148	NOTYPE	LOCAL	rpc_state
DRTYSCKF.IRX	0x00001b30	184	FUNC	LOCAL	RpcReturnTable
DRTYSCKF.IRX	0x00001be8	192	FUNC	LOCAL	RpcWakeup
DRTYSCKF.IRX	0x000121d0	128	NOTYPE	LOCAL	sifbuf.20
DRTYSCKF.IRX	0x00001ca8	1388	FUNC	LOCAL	RpcThread
DRTYSCKF.IRX	0x00002450	0	NOTYPE	LOCAL	gcc2_compiled.
DRTYSCKF.IRX	0x00002450	0	NOTYPE	LOCAL	__gnu_compiled_c
DRTYSCKF.IRX	0x000122f0	20	NOTYPE	LOCAL	_addrtext.16
DRTYSCKF.IRX	0x00002a20	0	NOTYPE	LOCAL	gcc2_compiled.
DRTYSCKF.IRX	0x00002a20	0	NOTYPE	LOCAL	__gnu_compiled_c
DRTYSCKF.IRX	0x000108c0	0	NOTYPE	LOCAL	g_socklist
DRTYSCKF.IRX	0x000108c4	0	NOTYPE	LOCAL	g_threadkill
DRTYSCKF.IRX	0x00002a20	104	FUNC	LOCAL	_SuicideThread
DRTYSCKF.IRX	0x00002a88	544	FUNC	LOCAL	_SocketRecvThread
DRTYSCKF.IRX	0x00002ca8	176	FUNC	LOCAL	SocketIdle
DRTYSCKF.IRX	0x00003b2c	12	FUNC	LOCAL	SocketLookupDone
DRTYSCKF.IRX	0x00003b38	72	FUNC	LOCAL	SocketLookupFree
DRTYSCKF.IRX	0x00003b80	384	FUNC	LOCAL	SocketLookupThread
DRTYSCKF.IRX	0x00003f80	0	NOTYPE	LOCAL	gcc2_compiled.
DRTYSCKF.IRX	0x00003f80	0	NOTYPE	LOCAL	__gnu_compiled_c
DRTYSCKF.IRX	0x000108dc	0	NOTYPE	LOCAL	g_idlesize
DRTYSCKF.IRX	0x000108e0	0	NOTYPE	LOCAL	g_idlethread
DRTYSCKF.IRX	0x00003f80	72	FUNC	LOCAL	NetLibThread
DRTYSCKF.IRX	0x00012410	12	NOTYPE	LOCAL	_NetLib_IdleCrit
DRTYSCKF.IRX	0x00012420	12	NOTYPE	LOCAL	_NetLib_GlobalCrit
DRTYSCKF.IRX	0x00012310	256	NOTYPE	LOCAL	g_idlelist
DRTYSCKF.IRX	0x00004770	0	NOTYPE	LOCAL	gcc2_compiled.
DRTYSCKF.IRX	0x00004770	0	NOTYPE	LOCAL	__gnu_compiled_c
DRTYSCKF.IRX	0x00004770	96	FUNC	LOCAL	CompareHosts
DRTYSCKF.IRX	0x000047d0	116	FUNC	LOCAL	_stristr
DRTYSCKF.IRX	0x00004844	76	FUNC	LOCAL	_SockClose
DRTYSCKF.IRX	0x00005690	0	NOTYPE	LOCAL	gcc2_compiled.
DRTYSCKF.IRX	0x00005690	0	NOTYPE	LOCAL	__gnu_compiled_c
DRTYSCKF.IRX	0x00005690	32	FUNC	LOCAL	RpcHttpUpdate
DRTYSCKF.IRX	0x000056b0	60	FUNC	LOCAL	RpcHttpCreate
DRTYSCKF.IRX	0x000056ec	60	FUNC	LOCAL	RpcHttpDestroy
DRTYSCKF.IRX	0x00005728	40	FUNC	LOCAL	RpcHttpGet
DRTYSCKF.IRX	0x00005750	32	FUNC	LOCAL	RpcHttpInfo
DRTYSCKF.IRX	0x00005770	160	FUNC	LOCAL	RpcHttpData
DRTYSCKF.IRX	0x000058e0	0	NOTYPE	LOCAL	gcc2_compiled.
DRTYSCKF.IRX	0x000058e0	0	NOTYPE	LOCAL	__gnu_compiled_c
DRTYSCKF.IRX	0x000058e0	492	FUNC	LOCAL	_ProcessInput
DRTYSCKF.IRX	0x00005acc	156	FUNC	LOCAL	_ProcessOutput
DRTYSCKF.IRX	0x00005b68	560	FUNC	LOCAL	RpcProtoAriesUpdate
DRTYSCKF.IRX	0x00005d98	152	FUNC	LOCAL	RpcProtoAriesCreate
DRTYSCKF.IRX	0x00005e30	136	FUNC	LOCAL	RpcProtoAriesDestroy
DRTYSCKF.IRX	0x00005eb8	112	FUNC	LOCAL	RpcProtoAriesConnect
DRTYSCKF.IRX	0x00005f28	100	FUNC	LOCAL	RpcProtoAriesUnconnect
DRTYSCKF.IRX	0x00005f8c	68	FUNC	LOCAL	RpcProtoAriesStatus
DRTYSCKF.IRX	0x00005fd0	436	FUNC	LOCAL	RpcProtoAriesSend
DRTYSCKF.IRX	0x00006184	268	FUNC	LOCAL	RpcProtoAriesRecv
DRTYSCKF.IRX	0x00006390	0	NOTYPE	LOCAL	gcc2_compiled.
DRTYSCKF.IRX	0x00006390	0	NOTYPE	LOCAL	__gnu_compiled_c
DRTYSCKF.IRX	0x00010900	0	NOTYPE	LOCAL	g_count
DRTYSCKF.IRX	0x00010904	0	NOTYPE	LOCAL	g_ref
DRTYSCKF.IRX	0x00006390	96	FUNC	LOCAL	_ProtoAdvtStricmp
DRTYSCKF.IRX	0x000063f0	116	FUNC	LOCAL	_ProtoAdvtRequestSeed
DRTYSCKF.IRX	0x00006464	1240	FUNC	LOCAL	_ProtoAdvtCallback
DRTYSCKF.IRX	0x00007420	0	NOTYPE	LOCAL	gcc2_compiled.
DRTYSCKF.IRX	0x00007420	0	NOTYPE	LOCAL	__gnu_compiled_c
DRTYSCKF.IRX	0x00007420	32	FUNC	LOCAL	RpcPingCreate
DRTYSCKF.IRX	0x00007440	32	FUNC	LOCAL	RpcPingDestroy
DRTYSCKF.IRX	0x00007460	32	FUNC	LOCAL	RpcPingRequest
DRTYSCKF.IRX	0x00007480	216	FUNC	LOCAL	RpcPingResponse
DRTYSCKF.IRX	0x00007610	0	NOTYPE	LOCAL	gcc2_compiled.
DRTYSCKF.IRX	0x00007610	0	NOTYPE	LOCAL	__gnu_compiled_c
DRTYSCKF.IRX	0x00007610	140	FUNC	LOCAL	_ParseTimeExceeded
DRTYSCKF.IRX	0x0000769c	288	FUNC	LOCAL	_ParseEcho
DRTYSCKF.IRX	0x000077bc	320	FUNC	LOCAL	_ProtoPingCallback
DRTYSCKF.IRX	0x00007da0	0	NOTYPE	LOCAL	gcc2_compiled.
DRTYSCKF.IRX	0x00007da0	0	NOTYPE	LOCAL	__gnu_compiled_c
DRTYSCKF.IRX	0x00007da0	40	FUNC	LOCAL	_RpcSocketLookupDone
DRTYSCKF.IRX	0x00007dc8	12	FUNC	LOCAL	_RpcSocketLookupAddr
DRTYSCKF.IRX	0x00007dd4	40	FUNC	LOCAL	_RpcSocketLookupFree
DRTYSCKF.IRX	0x00007dfc	32	FUNC	LOCAL	_RpcSocketLookup
DRTYSCKF.IRX	0x00007ed0	0	NOTYPE	LOCAL	gcc2_compiled.
DRTYSCKF.IRX	0x00007ed0	0	NOTYPE	LOCAL	__gnu_compiled_c
DRTYSCKF.IRX	0x00010910	0	NOTYPE	LOCAL	_ProtoMangle_pResponseTable
DRTYSCKF.IRX	0x0001091c	0	NOTYPE	LOCAL	_ProtoMangle_pReportTable
DRTYSCKF.IRX	0x00007ed0	96	FUNC	LOCAL	_ProtoMangleStricmp
DRTYSCKF.IRX	0x00007f30	68	FUNC	LOCAL	_ProtoMangleStrnzcpy
DRTYSCKF.IRX	0x00007f74	72	FUNC	LOCAL	_ProtoMangleSockClose
DRTYSCKF.IRX	0x00007fbc	184	FUNC	LOCAL	_ProtoMangleGetHostAddr
DRTYSCKF.IRX	0x00008074	1732	FUNC	LOCAL	_ProtoMangleHttpUpdate
DRTYSCKF.IRX	0x00008738	364	FUNC	LOCAL	_ProtoMangleHttpCmd
DRTYSCKF.IRX	0x000088a4	104	FUNC	LOCAL	_ProtoMangleHttpGet
DRTYSCKF.IRX	0x0000890c	156	FUNC	LOCAL	_ProtoMangleHttpPost
DRTYSCKF.IRX	0x000089a8	104	FUNC	LOCAL	_ProtoMangleHttpRequest
DRTYSCKF.IRX	0x00008a10	12	FUNC	LOCAL	_ProtoMangleHttpResponse
DRTYSCKF.IRX	0x00008a1c	72	FUNC	LOCAL	_ProtoMangleHttpCreate
DRTYSCKF.IRX	0x00008a64	48	FUNC	LOCAL	_ProtoMangleHttpDestroy
DRTYSCKF.IRX	0x00008a94	280	FUNC	LOCAL	_ProtoMangleGetParm
DRTYSCKF.IRX	0x00008bac	88	FUNC	LOCAL	_ProtoMangleParseAdvance
DRTYSCKF.IRX	0x00008c04	188	FUNC	LOCAL	_ProtoMangleParseResponseType
DRTYSCKF.IRX	0x00008cc0	172	FUNC	LOCAL	_ProtoMangleParseSuccess
DRTYSCKF.IRX	0x00008d6c	460	FUNC	LOCAL	_ProtoMangleParseProbeRequest
DRTYSCKF.IRX	0x00008f38	228	FUNC	LOCAL	_ProtoMangleSetupProbeSocket
DRTYSCKF.IRX	0x0000901c	236	FUNC	LOCAL	_ProtoMangleSendProbe
DRTYSCKF.IRX	0x00009108	204	FUNC	LOCAL	_ProtoMangleHandleProbeRequest
DRTYSCKF.IRX	0x00009600	0	NOTYPE	LOCAL	gcc2_compiled.
DRTYSCKF.IRX	0x00009600	0	NOTYPE	LOCAL	__gnu_compiled_c
DRTYSCKF.IRX	0x00009600	32	FUNC	LOCAL	_RpcMangleUpdate
DRTYSCKF.IRX	0x00009620	188	FUNC	LOCAL	_RpcMangleCreate
DRTYSCKF.IRX	0x000096dc	60	FUNC	LOCAL	_RpcMangleDestroy
DRTYSCKF.IRX	0x00009718	32	FUNC	LOCAL	_RpcMangleConnect
DRTYSCKF.IRX	0x00009738	116	FUNC	LOCAL	_RpcMangleComplete
DRTYSCKF.IRX	0x000097ac	104	FUNC	LOCAL	_RpcMangleReport
DRTYSCKF.IRX	0x000098e0	0	NOTYPE	LOCAL	gcc2_compiled.
DRTYSCKF.IRX	0x000098e0	0	NOTYPE	LOCAL	__gnu_compiled_c
DRTYSCKF.IRX	0x00010930	0	NOTYPE	LOCAL	g_link
DRTYSCKF.IRX	0x000098e0	92	FUNC	LOCAL	CommUDPResetTransfer
DRTYSCKF.IRX	0x0000993c	156	FUNC	LOCAL	CommUDPWrite
DRTYSCKF.IRX	0x000099d8	92	FUNC	LOCAL	CommUDPClose
DRTYSCKF.IRX	0x00009a34	204	FUNC	LOCAL	CommUDPProcessSetup
DRTYSCKF.IRX	0x00009b00	100	FUNC	LOCAL	CommUDPProcessInit
DRTYSCKF.IRX	0x00010934	0	NOTYPE	LOCAL	mlimit.12
DRTYSCKF.IRX	0x00009b64	1096	FUNC	LOCAL	CommUDPProcessOutput
DRTYSCKF.IRX	0x00009fac	260	FUNC	LOCAL	CommUDPProcessFlow
DRTYSCKF.IRX	0x0000a0b0	372	FUNC	LOCAL	CommUDPProcessInput
DRTYSCKF.IRX	0x0000a224	48	FUNC	LOCAL	CommUDPProcessPoke
DRTYSCKF.IRX	0x0000a254	180	FUNC	LOCAL	CommUDPProcessAlive
DRTYSCKF.IRX	0x0000a308	116	FUNC	LOCAL	CommUDPFlush
DRTYSCKF.IRX	0x0000a37c	1696	FUNC	LOCAL	CommUDPThreadData
DRTYSCKF.IRX	0x0000aa1c	136	FUNC	LOCAL	CommUDPEvent
DRTYSCKF.IRX	0x00012430	12	NOTYPE	LOCAL	g_crit
DRTYSCKF.IRX	0x0001243c	4	NOTYPE	LOCAL	g_missed
DRTYSCKF.IRX	0x0000aaa4	120	FUNC	LOCAL	_CommUDPEnlistRef
DRTYSCKF.IRX	0x0000ab1c	152	FUNC	LOCAL	_CommUDPDelistRef
DRTYSCKF.IRX	0x0000b9b0	0	NOTYPE	LOCAL	gcc2_compiled.
DRTYSCKF.IRX	0x0000b9b0	0	NOTYPE	LOCAL	__gnu_compiled_c
DRTYSCKF.IRX	0x0000b9b0	72	FUNC	LOCAL	_CommTCPResetTransfer
DRTYSCKF.IRX	0x0000b9f8	40	FUNC	LOCAL	_CommTCPClose
DRTYSCKF.IRX	0x0000ba20	1164	FUNC	LOCAL	_CommTCPEventExclusive
DRTYSCKF.IRX	0x0000beac	92	FUNC	LOCAL	_CommTCPEvent
DRTYSCKF.IRX	0x0000c900	0	NOTYPE	LOCAL	gcc2_compiled.
DRTYSCKF.IRX	0x0000c900	0	NOTYPE	LOCAL	__gnu_compiled_c
DRTYSCKF.IRX	0x0000c900	68	FUNC	LOCAL	_CommSRPResetTransfer
DRTYSCKF.IRX	0x0000c944	144	FUNC	LOCAL	_CommSRPSendImmediate
DRTYSCKF.IRX	0x0000c9d4	40	FUNC	LOCAL	_CommSRPSendCtrl
DRTYSCKF.IRX	0x0000c9fc	184	FUNC	LOCAL	_CommSRPProcessInitRequest
DRTYSCKF.IRX	0x0000cab4	100	FUNC	LOCAL	_CommSRPProcessACK
DRTYSCKF.IRX	0x0000cb18	348	FUNC	LOCAL	_CommSRPProcessCtrl
DRTYSCKF.IRX	0x0000cc74	476	FUNC	LOCAL	_CommSRPProcessData
DRTYSCKF.IRX	0x0000ce50	108	FUNC	LOCAL	_CommSRPProcessAlive
DRTYSCKF.IRX	0x0000cebc	380	FUNC	LOCAL	_CommSRPProcessRecvQueue
DRTYSCKF.IRX	0x0000d038	164	FUNC	LOCAL	_CommSRPProcessSendQueue
DRTYSCKF.IRX	0x0000d0dc	72	FUNC	LOCAL	_CommSRPClose
DRTYSCKF.IRX	0x0000d124	168	FUNC	LOCAL	_CommSRPEvent0
DRTYSCKF.IRX	0x0000d1cc	80	FUNC	LOCAL	_CommSRPEvent
DRTYSCKF.IRX	0x0000d21c	220	FUNC	LOCAL	_CommSRPSendQueued
DRTYSCKF.IRX	0x0000dd80	0	NOTYPE	LOCAL	gcc2_compiled.
DRTYSCKF.IRX	0x0000dd80	0	NOTYPE	LOCAL	__gnu_compiled_c
DRTYSCKF.IRX	0x0000dd80	596	FUNC	LOCAL	_NetGameLinkSendPacket
DRTYSCKF.IRX	0x0000dfd4	1088	FUNC	LOCAL	_NetGameLinkRecvPacket0
DRTYSCKF.IRX	0x0000e414	64	FUNC	LOCAL	_NetGameLinkRecvPacket
DRTYSCKF.IRX	0x0000e454	628	FUNC	LOCAL	_NetGameLinkProcess
DRTYSCKF.IRX	0x0000e6c8	156	FUNC	LOCAL	_NetGameLinkNotify
DRTYSCKF.IRX	0x0000ec80	0	NOTYPE	LOCAL	gcc2_compiled.
DRTYSCKF.IRX	0x0000ec80	0	NOTYPE	LOCAL	__gnu_compiled_c
DRTYSCKF.IRX	0x0000ec80	268	FUNC	LOCAL	RpcGameLinkCreate
DRTYSCKF.IRX	0x0000f024	148	FUNC	LOCAL	RpcGameLinkNotify
DRTYSCKF.IRX	0x0000eddc	136	FUNC	LOCAL	RpcGameLinkUpdate
DRTYSCKF.IRX	0x0000ed8c	80	FUNC	LOCAL	RpcGameLinkDestroy
DRTYSCKF.IRX	0x0000ee64	208	FUNC	LOCAL	RpcGameLinkStatus
DRTYSCKF.IRX	0x0000ef34	240	FUNC	LOCAL	RpcGameLinkSend
DRTYSCKF.IRX	0x0000f0b8	48	FUNC	LOCAL	RpcGameLinkRecv
DRTYSCKF.IRX	0x0000f0e8	40	FUNC	LOCAL	RpcGameLinkControl
DRTYSCKF.IRX	0x0000f200	0	NOTYPE	LOCAL	gcc2_compiled.
DRTYSCKF.IRX	0x0000f200	0	NOTYPE	LOCAL	__gnu_compiled_c
DRTYSCKF.IRX	0x0000fba0	0	NOTYPE	LOCAL	gcc2_compiled.
DRTYSCKF.IRX	0x0000fba0	0	NOTYPE	LOCAL	__gnu_compiled_c
DRTYSCKF.IRX	0x0000fba0	32	FUNC	LOCAL	RpcGameUtilCreate
DRTYSCKF.IRX	0x0000fbc0	32	FUNC	LOCAL	RpcGameUtilDestroy
DRTYSCKF.IRX	0x0000fbe0	32	FUNC	LOCAL	RpcGameUtilReset
DRTYSCKF.IRX	0x0000fc00	32	FUNC	LOCAL	RpcGameUtilConnect
DRTYSCKF.IRX	0x0000fc20	32	FUNC	LOCAL	RpcGameUtilComplete
DRTYSCKF.IRX	0x0000fc40	32	FUNC	LOCAL	RpcGameUtilStatus
DRTYSCKF.IRX	0x0000fc60	32	FUNC	LOCAL	RpcGameUtilTable
DRTYSCKF.IRX	0x0000fc80	108	FUNC	LOCAL	RpcGameUtilAdvert
DRTYSCKF.IRX	0x0000fcec	32	FUNC	LOCAL	RpcGameUtilWithdraw
DRTYSCKF.IRX	0x0000fd0c	52	FUNC	LOCAL	RpcGameUtilLocate
DRTYSCKF.IRX	0x0000fd40	84	FUNC	LOCAL	RpcGameUtilQuery
DRTYSCKF.IRX	0x0000c714	272	FUNC	GLOBAL	CommTCPListen
DRTYSCKF.IRX	0x00003a00	8	FUNC	GLOBAL	SocketControl
DRTYSCKF.IRX	0x000043dc	48	FUNC	GLOBAL	NetCritKill
DRTYSCKF.IRX	0x000101a8	0	OBJECT	GLOBAL	strcpy
DRTYSCKF.IRX	0x000100fc	0	OBJECT	GLOBAL	sceSifAddCmdHandler
DRTYSCKF.IRX	0x00002300	8	FUNC	GLOBAL	RpcStopIOP
DRTYSCKF.IRX	0x000027a8	72	FUNC	GLOBAL	SocketInTextGetAddr
DRTYSCKF.IRX	0x00003268	188	FUNC	GLOBAL	SocketListen
DRTYSCKF.IRX	0x0000f110	192	FUNC	GLOBAL	RpcRegisterGameLink
DRTYSCKF.IRX	0x00002308	68	FUNC	GLOBAL	RpcElapsed
DRTYSCKF.IRX	0x0000f7f0	116	FUNC	GLOBAL	NetGameUtilStatus
DRTYSCKF.IRX	0x0001014c	0	OBJECT	GLOBAL	printf
DRTYSCKF.IRX	0x0000b050	352	FUNC	GLOBAL	CommUDPListen0
DRTYSCKF.IRX	0x000040a8	40	FUNC	GLOBAL	NetAlloc
DRTYSCKF.IRX	0x000039e4	28	FUNC	GLOBAL	SocketCallback
DRTYSCKF.IRX	0x0000ff74	0	OBJECT	GLOBAL	sceInetGetInterfaceList
DRTYSCKF.IRX	0x00006944	8	FUNC	GLOBAL	ProtoAdvtDisableUDP
DRTYSCKF.IRX	0x0000494c	1760	FUNC	GLOBAL	ProtoHttpUpdate
DRTYSCKF.IRX	0x0000c410	32	FUNC	GLOBAL	CommTCPTick
DRTYSCKF.IRX	0x0000f864	96	FUNC	GLOBAL	NetGameUtilTable
DRTYSCKF.IRX	0x000054ec	416	FUNC	GLOBAL	ProtoHttpData
DRTYSCKF.IRX	0x0000e900	136	FUNC	GLOBAL	NetGameLinkStatus
DRTYSCKF.IRX	0x0000c3c4	76	FUNC	GLOBAL	CommTCPStatus
DRTYSCKF.IRX	0x00002ec0	252	FUNC	GLOBAL	SocketClose
DRTYSCKF.IRX	0x0000ff6c	0	OBJECT	GLOBAL	sceInetControl
DRTYSCKF.IRX	0x000100f4	0	OBJECT	GLOBAL	sceSifSetCmdBuffer
DRTYSCKF.IRX	0x0000d478	124	FUNC	GLOBAL	CommSRPDestroy
DRTYSCKF.IRX	0x0000c824	220	FUNC	GLOBAL	CommTCPConnect
DRTYSCKF.IRX	0x0000b628	136	FUNC	GLOBAL	CommUDPPeek
DRTYSCKF.IRX	0x000037e0	516	FUNC	GLOBAL	SocketInfo
DRTYSCKF.IRX	0x0000d7b8	32	FUNC	GLOBAL	CommSRPTick
DRTYSCKF.IRX	0x000044b8	96	FUNC	GLOBAL	NetCritEnter
DRTYSCKF.IRX	0x0000c6a4	112	FUNC	GLOBAL	CommTCPRecv
DRTYSCKF.IRX	0x0000fafc	156	FUNC	GLOBAL	NetGameUtilQuery
DRTYSCKF.IRX	0x000100d8	0	OBJECT	GLOBAL	sifcmd_stub
DRTYSCKF.IRX	0x00010260	0	OBJECT	GLOBAL	CreateSema
DRTYSCKF.IRX	0x00007a68	536	FUNC	GLOBAL	ProtoPingRequest
DRTYSCKF.IRX	0x0000d72c	68	FUNC	GLOBAL	CommSRPUnconnect
DRTYSCKF.IRX	0x000108d4	0	OBJECT	GLOBAL	netlib_debug_parm
DRTYSCKF.IRX	0x0000b220	204	FUNC	GLOBAL	CommUDPConnect0
DRTYSCKF.IRX	0x00007c80	276	FUNC	GLOBAL	ProtoPingResponse
DRTYSCKF.IRX	0x00010178	0	OBJECT	GLOBAL	memcpy
DRTYSCKF.IRX	0x00004388	84	FUNC	GLOBAL	NetCritInit
DRTYSCKF.IRX	0x000091d4	252	FUNC	GLOBAL	ProtoMangleCreate
DRTYSCKF.IRX	0x00009814	164	FUNC	GLOBAL	RpcRegisterMangle
DRTYSCKF.IRX	0x0000f8c4	372	FUNC	GLOBAL	NetGameUtilAdvert
DRTYSCKF.IRX	0x000075e0	36	FUNC	GLOBAL	RpcUnregisterPing
DRTYSCKF.IRX	0x00007354	204	FUNC	GLOBAL	ProtoAdvtDestroy
DRTYSCKF.IRX	0x0000eaac	352	FUNC	GLOBAL	NetGameLinkRecv
DRTYSCKF.IRX	0x00007558	136	FUNC	GLOBAL	RpcRegisterPing
DRTYSCKF.IRX	0x0000b6b0	112	FUNC	GLOBAL	CommUDPRecv
DRTYSCKF.IRX	0x00010054	0	OBJECT	GLOBAL	FreeSysMemory
DRTYSCKF.IRX	0x0000d508	472	FUNC	GLOBAL	CommSRPResolve
DRTYSCKF.IRX	0x00006c0c	176	FUNC	GLOBAL	ProtoAdvtCancel
DRTYSCKF.IRX	0x0000465c	272	FUNC	GLOBAL	NetIdleCall
DRTYSCKF.IRX	0x0000f26c	168	FUNC	GLOBAL	NetGameUtilReset
DRTYSCKF.IRX	0x00010028	0	OBJECT	GLOBAL	sceCdPOffCallback
DRTYSCKF.IRX	0x00009518	228	FUNC	GLOBAL	ProtoMangleReport
DRTYSCKF.IRX	0x0000b1b0	112	FUNC	GLOBAL	CommUDPUnlisten
DRTYSCKF.IRX	0x000016f0	100	FUNC	GLOBAL	_TransferData
DRTYSCKF.IRX	0x0000ff4c	0	OBJECT	GLOBAL	sceInetSend
DRTYSCKF.IRX	0x0000fffc	0	OBJECT	GLOBAL	sceInetCtlGetState
DRTYSCKF.IRX	0x0000695c	192	FUNC	GLOBAL	ProtoAdvtSnoop
DRTYSCKF.IRX	0x00010078	0	OBJECT	GLOBAL	CpuDisableIntr
DRTYSCKF.IRX	0x000045ac	124	FUNC	GLOBAL	NetIdleDel
DRTYSCKF.IRX	0x000053f4	248	FUNC	GLOBAL	ProtoHttpInfo
DRTYSCKF.IRX	0x00007a4c	28	FUNC	GLOBAL	ProtoPingConfig
DRTYSCKF.IRX	0x0000fa74	136	FUNC	GLOBAL	NetGameUtilLocate
DRTYSCKF.IRX	0x00006cbc	880	FUNC	GLOBAL	ProtoAdvtQuery
DRTYSCKF.IRX	0x000018f4	472	FUNC	GLOBAL	RpcRegisterMember
DRTYSCKF.IRX	0x0001004c	0	OBJECT	GLOBAL	AllocSysMemory
DRTYSCKF.IRX	0x0000c0f4	20	FUNC	GLOBAL	CommTCPCallback
DRTYSCKF.IRX	0x0000234c	88	FUNC	GLOBAL	RpcTransfer
DRTYSCKF.IRX	0x000101d0	0	OBJECT	GLOBAL	strtol
DRTYSCKF.IRX	0x00002d8c	128	FUNC	GLOBAL	SocketDestroy
DRTYSCKF.IRX	0x00004628	52	FUNC	GLOBAL	NetIdleDone
DRTYSCKF.IRX	0x00004560	76	FUNC	GLOBAL	NetIdleAdd
DRTYSCKF.IRX	0x000098b8	36	FUNC	GLOBAL	RpcUnregisterMangle
DRTYSCKF.IRX	0x0000dc00	380	FUNC	GLOBAL	CommSRPConnect
DRTYSCKF.IRX	0x00004890	124	FUNC	GLOBAL	ProtoHttpCreate
DRTYSCKF.IRX	0x00001840	180	FUNC	GLOBAL	RpcUnregisterIdle
DRTYSCKF.IRX	0x0000ea7c	48	FUNC	GLOBAL	NetGameLinkPeek
DRTYSCKF.IRX	0x00007158	508	FUNC	GLOBAL	ProtoAdvtConstruct
DRTYSCKF.IRX	0x0000e988	244	FUNC	GLOBAL	NetGameLinkSend
DRTYSCKF.IRX	0x0000ff44	0	OBJECT	GLOBAL	sceInetRecv
DRTYSCKF.IRX	0x0000d96c	148	FUNC	GLOBAL	CommSRPPeek
DRTYSCKF.IRX	0x0000287c	420	FUNC	GLOBAL	SockaddrInParse2
DRTYSCKF.IRX	0x00010120	0	OBJECT	GLOBAL	sceSifSetDma
DRTYSCKF.IRX	0x00007e1c	136	FUNC	GLOBAL	RpcRegisterName
DRTYSCKF.IRX	0x000108d8	0	OBJECT	GLOBAL	netlib_debug_hook
DRTYSCKF.IRX	0x0000ff24	0	OBJECT	GLOBAL	sceInetName2Address
DRTYSCKF.IRX	0x0000b35c	76	FUNC	GLOBAL	CommUDPStatus
DRTYSCKF.IRX	0x0000bf08	368	FUNC	GLOBAL	CommTCPConstruct
DRTYSCKF.IRX	0x00010190	0	OBJECT	GLOBAL	strcat
DRTYSCKF.IRX	0x0000ff2c	0	OBJECT	GLOBAL	sceInetCreate
DRTYSCKF.IRX	0x00002214	236	FUNC	GLOBAL	RpcStartIOP
DRTYSCKF.IRX	0x00002450	80	FUNC	GLOBAL	SockaddrCompare
DRTYSCKF.IRX	0x0000ae18	88	FUNC	GLOBAL	CommUDPCallback
DRTYSCKF.IRX	0x00003324	144	FUNC	GLOBAL	SocketAccept
DRTYSCKF.IRX	0x00004048	96	FUNC	GLOBAL	NetLibDestroy
DRTYSCKF.IRX	0x0000ad48	208	FUNC	GLOBAL	CommUDPDestroy
DRTYSCKF.IRX	0x00010128	0	OBJECT	GLOBAL	sceSifDmaStat
DRTYSCKF.IRX	0x00003a08	292	FUNC	GLOBAL	SocketHost
DRTYSCKF.IRX	0x00010090	0	OBJECT	GLOBAL	ioman_stub
DRTYSCKF.IRX	0x0000300c	264	FUNC	GLOBAL	SocketBind
DRTYSCKF.IRX	0x000026dc	32	FUNC	GLOBAL	SocketNtohs
DRTYSCKF.IRX	0x00003d00	640	FUNC	GLOBAL	SocketLookup
DRTYSCKF.IRX	0x0000fd94	332	FUNC	GLOBAL	RpcRegisterGameUtil
DRTYSCKF.IRX	0x0000e8f4	12	FUNC	GLOBAL	NetGameLinkCallback
DRTYSCKF.IRX	0x00003fc8	128	FUNC	GLOBAL	NetLibCreate
DRTYSCKF.IRX	0x00010840	0	OBJECT	GLOBAL	Module
DRTYSCKF.IRX	0x000100a4	0	OBJECT	GLOBAL	devctl
DRTYSCKF.IRX	0x0000b2ec	112	FUNC	GLOBAL	CommUDPUnconnect
DRTYSCKF.IRX	0x0000f314	560	FUNC	GLOBAL	NetGameUtilConnect
DRTYSCKF.IRX	0x00002754	84	FUNC	GLOBAL	SocketInAddrGetText
DRTYSCKF.IRX	0x000016c0	36	FUNC	GLOBAL	RpcUnregisterNetwork
DRTYSCKF.IRX	0x000100c8	0	OBJECT	GLOBAL	SearchModuleByName
DRTYSCKF.IRX	0x00010214	0	OBJECT	GLOBAL	iReleaseWaitThread
DRTYSCKF.IRX	0x0001021c	0	OBJECT	GLOBAL	GetThreadId
DRTYSCKF.IRX	0x00010138	0	OBJECT	GLOBAL	stdio_stub
DRTYSCKF.IRX	0x000101c8	0	OBJECT	GLOBAL	strstr
DRTYSCKF.IRX	0x0000c61c	136	FUNC	GLOBAL	CommTCPPeek
DRTYSCKF.IRX	0x0000fa38	60	FUNC	GLOBAL	NetGameUtilWithdraw
DRTYSCKF.IRX	0x0000c078	124	FUNC	GLOBAL	CommTCPDestroy
DRTYSCKF.IRX	0x0000636c	36	FUNC	GLOBAL	RpcUnregisterAries
DRTYSCKF.IRX	0x0000c108	508	FUNC	GLOBAL	CommTCPResolve
DRTYSCKF.IRX	0x0000b84c	344	FUNC	GLOBAL	CommUDPConnect
DRTYSCKF.IRX	0x000101b8	0	OBJECT	GLOBAL	strncmp
DRTYSCKF.IRX	0x00009360	292	FUNC	GLOBAL	ProtoMangleUpdate
DRTYSCKF.IRX	0x0000ffa8	0	OBJECT	GLOBAL	sceNetCnfGetCount
DRTYSCKF.IRX	0x00002d58	52	FUNC	GLOBAL	SocketCreate
DRTYSCKF.IRX	0x0000e764	276	FUNC	GLOBAL	NetGameLinkCreate
DRTYSCKF.IRX	0x0000ff10	0	OBJECT	GLOBAL	inet_stub
DRTYSCKF.IRX	0x000101c0	0	OBJECT	GLOBAL	strncpy
DRTYSCKF.IRX	0x0000ff64	0	OBJECT	GLOBAL	sceInetSendTo
DRTYSCKF.IRX	0x00006290	220	FUNC	GLOBAL	RpcRegisterAries
DRTYSCKF.IRX	0x00006a1c	496	FUNC	GLOBAL	ProtoAdvtAnnounce
DRTYSCKF.IRX	0x0000c30c	92	FUNC	GLOBAL	CommTCPUnlisten
DRTYSCKF.IRX	0x0000da00	112	FUNC	GLOBAL	CommSRPRecv
DRTYSCKF.IRX	0x0000ff5c	0	OBJECT	GLOBAL	sceInetRecvFrom
DRTYSCKF.IRX	0x0000b048	8	FUNC	GLOBAL	CommUDPUnresolve
DRTYSCKF.IRX	0x0000d4f4	20	FUNC	GLOBAL	CommSRPCallback
DRTYSCKF.IRX	0x0001010c	0	OBJECT	GLOBAL	sifman_stub
DRTYSCKF.IRX	0x00010170	0	OBJECT	GLOBAL	memcmp
DRTYSCKF.IRX	0x00010020	0	OBJECT	GLOBAL	sceCdPowerOff
DRTYSCKF.IRX	0x0000d6e8	68	FUNC	GLOBAL	CommSRPUnlisten
DRTYSCKF.IRX	0x0000ff3c	0	OBJECT	GLOBAL	sceInetClose
DRTYSCKF.IRX	0x0000ffdc	0	OBJECT	GLOBAL	sceInetCtlSetConfiguration
DRTYSCKF.IRX	0x000026fc	88	FUNC	GLOBAL	SocketNtohl
DRTYSCKF.IRX	0x0000c368	92	FUNC	GLOBAL	CommTCPUnconnect
DRTYSCKF.IRX	0x000100b4	0	OBJECT	GLOBAL	modload_stub
DRTYSCKF.IRX	0x000023a4	168	FUNC	GLOBAL	RpcPush
DRTYSCKF.IRX	0x00003630	432	FUNC	GLOBAL	SocketRecvfrom
DRTYSCKF.IRX	0x000108d0	0	OBJECT	GLOBAL	netlib_debug_mask
DRTYSCKF.IRX	0x00005810	164	FUNC	GLOBAL	RpcRegisterHttp
DRTYSCKF.IRX	0x00009484	148	FUNC	GLOBAL	ProtoMangleComplete
DRTYSCKF.IRX	0x00010180	0	OBJECT	GLOBAL	memset
DRTYSCKF.IRX	0x0000d6e0	8	FUNC	GLOBAL	CommSRPUnresolve
DRTYSCKF.IRX	0x00006954	8	FUNC	GLOBAL	ProtoAdvtDisableIPX
DRTYSCKF.IRX	0x000092d0	52	FUNC	GLOBAL	ProtoMangleDestroy
DRTYSCKF.IRX	0x000058b4	36	FUNC	GLOBAL	RpcUnregisterHttp
DRTYSCKF.IRX	0x0001024c	0	OBJECT	GLOBAL	thsemap_stub
DRTYSCKF.IRX	0x0000ff7c	0	OBJECT	GLOBAL	sceInetInterfaceControl
DRTYSCKF.IRX	0x0000ff94	0	OBJECT	GLOBAL	netcnf_stub
DRTYSCKF.IRX	0x0000abb4	404	FUNC	GLOBAL	CommUDPConstruct
DRTYSCKF.IRX	0x00004240	68	FUNC	GLOBAL	NetTick
DRTYSCKF.IRX	0x0000d7d8	404	FUNC	GLOBAL	CommSRPSend
DRTYSCKF.IRX	0x0000fee0	36	FUNC	GLOBAL	RpcUnregisterGameUtil
DRTYSCKF.IRX	0x0001000c	0	OBJECT	GLOBAL	cdvdman_stub
DRTYSCKF.IRX	0x0000c430	492	FUNC	GLOBAL	CommTCPSend
DRTYSCKF.IRX	0x0000502c	968	FUNC	GLOBAL	ProtoHttpGet
DRTYSCKF.IRX	0x0000177c	32	FUNC	GLOBAL	RpcFree
DRTYSCKF.IRX	0x0000179c	164	FUNC	GLOBAL	RpcRegisterIdle
DRTYSCKF.IRX	0x00004518	72	FUNC	GLOBAL	NetCritLeave
DRTYSCKF.IRX	0x000101a0	0	OBJECT	GLOBAL	strcmp
DRTYSCKF.IRX	0x0000b720	300	FUNC	GLOBAL	CommUDPListen
DRTYSCKF.IRX	0x0000440c	172	FUNC	GLOBAL	NetCritTry
DRTYSCKF.IRX	0x0000da70	400	FUNC	GLOBAL	CommSRPListen
DRTYSCKF.IRX	0x0000f544	684	FUNC	GLOBAL	NetGameUtilComplete
DRTYSCKF.IRX	0x0000fff4	0	OBJECT	GLOBAL	sceInetCtlRegisterEventHandler
DRTYSCKF.IRX	0x000027f0	140	FUNC	GLOBAL	SockaddrInParse
DRTYSCKF.IRX	0x0000c304	8	FUNC	GLOBAL	CommTCPUnresolve
DRTYSCKF.IRX	0x00009304	92	FUNC	GLOBAL	ProtoMangleConnect
DRTYSCKF.IRX	0x00010940	0	OBJECT	GLOBAL	deftbl
DRTYSCKF.IRX	0x0000ffb8	0	OBJECT	GLOBAL	sceNetCnfLoadEntry
DRTYSCKF.IRX	0x0000ff84	0	OBJECT	GLOBAL	sceInetGetNameServers
DRTYSCKF.IRX	0x00010188	0	OBJECT	GLOBAL	sprintf
DRTYSCKF.IRX	0x0001023c	0	OBJECT	GLOBAL	GetSystemTime
DRTYSCKF.IRX	0x0000ec0c	104	FUNC	GLOBAL	NetGameLinkControl
DRTYSCKF.IRX	0x00007ea4	36	FUNC	GLOBAL	RpcUnregisterName
DRTYSCKF.IRX	0x0000ffc8	0	OBJECT	GLOBAL	inetctl_stub
DRTYSCKF.IRX	0x000100ec	0	OBJECT	GLOBAL	sceSifInitCmd
DRTYSCKF.IRX	0x00010064	0	OBJECT	GLOBAL	intrman_stub
DRTYSCKF.IRX	0x000040f0	140	FUNC	GLOBAL	NetCompare
DRTYSCKF.IRX	0x0000ffec	0	OBJECT	GLOBAL	sceInetCtlSetAutoMode
DRTYSCKF.IRX	0x00004944	8	FUNC	GLOBAL	ProtoHttpResolve
DRTYSCKF.IRX	0x00010270	0	OBJECT	GLOBAL	SignalSema
DRTYSCKF.IRX	0x0001015c	0	OBJECT	GLOBAL	sysclib_stub
DRTYSCKF.IRX	0x0000b3c8	608	FUNC	GLOBAL	CommUDPSend
DRTYSCKF.IRX	0x000108f0	0	OBJECT	GLOBAL	g_random
DRTYSCKF.IRX	0x00010280	0	OBJECT	GLOBAL	PollSema
DRTYSCKF.IRX	0x000024a0	192	FUNC	GLOBAL	SockaddrInSetAddrText
DRTYSCKF.IRX	0x0001022c	0	OBJECT	GLOBAL	WakeupThread
DRTYSCKF.IRX	0x0001020c	0	OBJECT	GLOBAL	TerminateThread
DRTYSCKF.IRX	0x000101e0	0	OBJECT	GLOBAL	thbase_stub
DRTYSCKF.IRX	0x000040d0	32	FUNC	GLOBAL	NetFree
DRTYSCKF.IRX	0x0000702c	300	FUNC	GLOBAL	ProtoAdvtLocate
DRTYSCKF.IRX	0x00001600	192	FUNC	GLOBAL	RpcRegisterNetwork
DRTYSCKF.IRX	0x000026a8	52	FUNC	GLOBAL	SocketHtonl
DRTYSCKF.IRX	0x00002690	24	FUNC	GLOBAL	SocketHtons
DRTYSCKF.IRX	0x00010234	0	OBJECT	GLOBAL	DelayThread
DRTYSCKF.IRX	0x0000b3a8	32	FUNC	GLOBAL	CommUDPTick
DRTYSCKF.IRX	0x00010038	0	OBJECT	GLOBAL	sysmem_stub
DRTYSCKF.IRX	0x000101fc	0	OBJECT	GLOBAL	DeleteThread
DRTYSCKF.IRX	0x00010278	0	OBJECT	GLOBAL	WaitSema
DRTYSCKF.IRX	0x000002f0	184	FUNC	GLOBAL	start
DRTYSCKF.IRX	0x0000e878	124	FUNC	GLOBAL	NetGameLinkDestroy
DRTYSCKF.IRX	0x0000417c	196	FUNC	GLOBAL	NetDump
DRTYSCKF.IRX	0x000033b4	636	FUNC	GLOBAL	SocketSendto
DRTYSCKF.IRX	0x0000f240	44	FUNC	GLOBAL	NetGameUtilDestroy
DRTYSCKF.IRX	0x00010224	0	OBJECT	GLOBAL	SleepThread
DRTYSCKF.IRX	0x0000694c	8	FUNC	GLOBAL	ProtoAdvtEnableIPX
DRTYSCKF.IRX	0x00004284	260	FUNC	GLOBAL	NetCheck16
DRTYSCKF.IRX	0x0000693c	8	FUNC	GLOBAL	ProtoAdvtEnableUDP
DRTYSCKF.IRX	0x00001754	40	FUNC	GLOBAL	RpcAlloc
DRTYSCKF.IRX	0x00010080	0	OBJECT	GLOBAL	CpuEnableIntr
DRTYSCKF.IRX	0x0000490c	56	FUNC	GLOBAL	ProtoHttpDestroy
DRTYSCKF.IRX	0x0000f1d0	36	FUNC	GLOBAL	RpcUnregisterGameLink
DRTYSCKF.IRX	0x0000f200	64	FUNC	GLOBAL	NetGameUtilCreate
DRTYSCKF.IRX	0x00010268	0	OBJECT	GLOBAL	DeleteSema
DRTYSCKF.IRX	0x000101b0	0	OBJECT	GLOBAL	strlen
DRTYSCKF.IRX	0x0000ffe4	0	OBJECT	GLOBAL	sceInetCtlDownInterface
DRTYSCKF.IRX	0x000101f4	0	OBJECT	GLOBAL	CreateThread
DRTYSCKF.IRX	0x000078fc	220	FUNC	GLOBAL	ProtoPingCreate
DRTYSCKF.IRX	0x0000d770	72	FUNC	GLOBAL	CommSRPStatus
DRTYSCKF.IRX	0x00010198	0	OBJECT	GLOBAL	strchr
DRTYSCKF.IRX	0x0000ae70	472	FUNC	GLOBAL	CommUDPResolve
DRTYSCKF.IRX	0x00003114	340	FUNC	GLOBAL	SocketConnect
DRTYSCKF.IRX	0x0000ffb0	0	OBJECT	GLOBAL	sceNetCnfGetList
DRTYSCKF.IRX	0x0000ff34	0	OBJECT	GLOBAL	sceInetOpen
DRTYSCKF.IRX	0x00001acc	100	FUNC	GLOBAL	RpcUnregisterModule
DRTYSCKF.IRX	0x00002e0c	180	FUNC	GLOBAL	SocketOpen
DRTYSCKF.IRX	0x0000ff54	0	OBJECT	GLOBAL	sceInetAbort
DRTYSCKF.IRX	0x00002fbc	80	FUNC	GLOBAL	SocketShutdown
DRTYSCKF.IRX	0x000079d8	116	FUNC	GLOBAL	ProtoPingDestroy
DRTYSCKF.IRX	0x0000d2f8	384	FUNC	GLOBAL	CommSRPConstruct
DRTYSCKF.IRX	0x00002560	304	FUNC	GLOBAL	SockaddrInGetAddrText
DRTYSCKF.IRX	0x00010204	0	OBJECT	GLOBAL	StartThread
DRTYSCKF.IRX	0x00000000	0	OBJECT	GLOBAL	_ftext
DRTYSCKF.IRX	0x00010290	0	OBJECT	GLOBAL	etext
DRTYSCKF.IRX	0x00010290	0	OBJECT	GLOBAL	_etext
DRTYSCKF.IRX	0x00010290	0	OBJECT	GLOBAL	_fdata
DRTYSCKF.IRX	0x00010950	0	OBJECT	GLOBAL	edata
DRTYSCKF.IRX	0x00010950	0	OBJECT	GLOBAL	_edata
DRTYSCKF.IRX	0x00010950	0	OBJECT	GLOBAL	_fbss
DRTYSCKF.IRX	0x00012440	0	OBJECT	GLOBAL	end
DRTYSCKF.IRX	0x00012440	0	OBJECT	GLOBAL	_end
DRTYSCKF.IRX	0x00018940	0	OBJECT	GLOBAL	_gp
FSVRD.IRX	0x00000000	0	NOTYPE	LOCAL	gcc2_compiled.
FSVRD.IRX	0x00000000	0	NOTYPE	LOCAL	__gnu_compiled_c
FSVRD.IRX	0x000018fc	0	NOTYPE	LOCAL	_Cdrom_MaxSector
FSVRD.IRX	0x00001900	0	NOTYPE	LOCAL	_Cdrom_EnablePrefetch
FSVRD.IRX	0x00001901	0	NOTYPE	LOCAL	_Cdrom_EnableCache
FSVRD.IRX	0x00001904	0	NOTYPE	LOCAL	_Cdrom_RPCFuncs
FSVRD.IRX	0x00000458	496	FUNC	LOCAL	CDVD_iopinit
FSVRD.IRX	0x00000648	1436	FUNC	LOCAL	CDVD_iopread
FSVRD.IRX	0x00000be4	32	FUNC	LOCAL	CDVD_iopoptions
FSVRD.IRX	0x00000034	48	FUNC	LOCAL	_CdromCallback
FSVRD.IRX	0x0000a35c	4	NOTYPE	LOCAL	readthreadid
FSVRD.IRX	0x00000064	264	FUNC	LOCAL	_CdromReadSectors
FSVRD.IRX	0x0000016c	104	FUNC	LOCAL	readsectorB
FSVRD.IRX	0x00001930	2340	NOTYPE	LOCAL	cdbuffer
FSVRD.IRX	0x0000a318	64	NOTYPE	LOCAL	directorypath
FSVRD.IRX	0x00000438	32	FUNC	LOCAL	dircompare
FSVRD.IRX	0x00002258	32960	NOTYPE	LOCAL	DMAToEEBuffer
FSVRD.IRX	0x0000a360	36	NOTYPE	LOCAL	_Cdrom_CurRead
FSVRD.IRX	0x0000a358	4	NOTYPE	LOCAL	mainthreadid
FSVRD.IRX	0x00000f70	0	NOTYPE	LOCAL	gcc2_compiled.
FSVRD.IRX	0x00000f70	0	NOTYPE	LOCAL	__gnu_compiled_c
FSVRD.IRX	0x00000f70	752	FUNC	LOCAL	qst
FSVRD.IRX	0x0000a394	4	NOTYPE	LOCAL	qsz
FSVRD.IRX	0x0000a39c	4	NOTYPE	LOCAL	mthresh
FSVRD.IRX	0x0000a390	4	NOTYPE	LOCAL	qcmp
FSVRD.IRX	0x0000a398	4	NOTYPE	LOCAL	thresh
FSVRD.IRX	0x00001470	0	NOTYPE	LOCAL	gcc2_compiled.
FSVRD.IRX	0x00001470	0	NOTYPE	LOCAL	__gnu_compiled_c
FSVRD.IRX	0x00001840	0	OBJECT	GLOBAL	strcpy
FSVRD.IRX	0x00001470	112	FUNC	GLOBAL	_CacheGetOldestBlock
FSVRD.IRX	0x0000192c	0	OBJECT	GLOBAL	_Cache_ppBlockLRU
FSVRD.IRX	0x000014e0	260	FUNC	GLOBAL	CacheInit
FSVRD.IRX	0x00001924	0	OBJECT	GLOBAL	_Cache_pBlockSpace
FSVRD.IRX	0x00001754	0	OBJECT	GLOBAL	sceCdInit
FSVRD.IRX	0x0000178c	0	OBJECT	GLOBAL	sceCdCallback
FSVRD.IRX	0x000017d0	0	OBJECT	GLOBAL	sifcmd_stub
FSVRD.IRX	0x000018b8	0	OBJECT	GLOBAL	CreateSema
FSVRD.IRX	0x00001920	0	OBJECT	GLOBAL	_Cache_pCacheSpace
FSVRD.IRX	0x00001820	0	OBJECT	GLOBAL	memcpy
FSVRD.IRX	0x0000175c	0	OBJECT	GLOBAL	sceCdRead
FSVRD.IRX	0x000017c0	0	OBJECT	GLOBAL	FreeSysMemory
FSVRD.IRX	0x000015e4	64	FUNC	GLOBAL	CacheShutdown
FSVRD.IRX	0x000017b8	0	OBJECT	GLOBAL	AllocSysMemory
FSVRD.IRX	0x00001848	0	OBJECT	GLOBAL	strtol
FSVRD.IRX	0x000018f8	0	OBJECT	GLOBAL	_Cdmode
FSVRD.IRX	0x00001784	0	OBJECT	GLOBAL	sceCdStop
FSVRD.IRX	0x00001894	0	OBJECT	GLOBAL	iWakeupThread
FSVRD.IRX	0x00001830	0	OBJECT	GLOBAL	strcat
FSVRD.IRX	0x00001910	0	OBJECT	GLOBAL	Cdinfo
FSVRD.IRX	0x00001260	516	FUNC	GLOBAL	SORT_quick
FSVRD.IRX	0x000017e4	0	OBJECT	GLOBAL	sceSifInitRpc
FSVRD.IRX	0x000018f0	0	OBJECT	GLOBAL	Module
FSVRD.IRX	0x00001634	168	FUNC	GLOBAL	CacheGetCachedSector
FSVRD.IRX	0x0000176c	0	OBJECT	GLOBAL	sceCdSync
FSVRD.IRX	0x0000177c	0	OBJECT	GLOBAL	sceCdDiskReady
FSVRD.IRX	0x000017ec	0	OBJECT	GLOBAL	sceSifRegisterRpc
FSVRD.IRX	0x000001d4	612	FUNC	GLOBAL	loaddirinfo
FSVRD.IRX	0x00001828	0	OBJECT	GLOBAL	memset
FSVRD.IRX	0x000018a4	0	OBJECT	GLOBAL	thsemap_stub
FSVRD.IRX	0x00001740	0	OBJECT	GLOBAL	cdvdman_stub
FSVRD.IRX	0x00001838	0	OBJECT	GLOBAL	strcmp
FSVRD.IRX	0x000018c0	0	OBJECT	GLOBAL	SignalSema
FSVRD.IRX	0x00001794	0	OBJECT	GLOBAL	sceCdMmode
FSVRD.IRX	0x0000180c	0	OBJECT	GLOBAL	sysclib_stub
FSVRD.IRX	0x00001774	0	OBJECT	GLOBAL	sceCdGetDiskType
FSVRD.IRX	0x000017f4	0	OBJECT	GLOBAL	sceSifSetRpcQueue
FSVRD.IRX	0x0000188c	0	OBJECT	GLOBAL	WakeupThread
FSVRD.IRX	0x00001858	0	OBJECT	GLOBAL	thbase_stub
FSVRD.IRX	0x00001764	0	OBJECT	GLOBAL	sceCdGetError
FSVRD.IRX	0x00000000	52	FUNC	GLOBAL	_CdromRPCCallback
FSVRD.IRX	0x000017a4	0	OBJECT	GLOBAL	sysmem_stub
FSVRD.IRX	0x000018c8	0	OBJECT	GLOBAL	WaitSema
FSVRD.IRX	0x00000e88	232	FUNC	GLOBAL	start
FSVRD.IRX	0x0000187c	0	OBJECT	GLOBAL	RotateThreadReadyQueue
FSVRD.IRX	0x00001884	0	OBJECT	GLOBAL	SleepThread
FSVRD.IRX	0x0000186c	0	OBJECT	GLOBAL	CreateThread
FSVRD.IRX	0x00001728	24	FUNC	GLOBAL	CacheAddNewSector
FSVRD.IRX	0x00001928	0	OBJECT	GLOBAL	_Cache_pBlockList
FSVRD.IRX	0x00001624	16	FUNC	GLOBAL	CacheReady
FSVRD.IRX	0x00000c04	104	FUNC	GLOBAL	MainThread
FSVRD.IRX	0x000016dc	76	FUNC	GLOBAL	CacheGetNewSector
FSVRD.IRX	0x000017fc	0	OBJECT	GLOBAL	sceSifRpcLoop
FSVRD.IRX	0x00001874	0	OBJECT	GLOBAL	StartThread
FSVRD.IRX	0x00000c6c	540	FUNC	GLOBAL	ReadThread
FSVRD.IRX	0x00000000	0	OBJECT	GLOBAL	_ftext
FSVRD.IRX	0x000018e0	0	OBJECT	GLOBAL	etext
FSVRD.IRX	0x000018e0	0	OBJECT	GLOBAL	_etext
FSVRD.IRX	0x000018e0	0	OBJECT	GLOBAL	_fdata
FSVRD.IRX	0x00001930	0	OBJECT	GLOBAL	edata
FSVRD.IRX	0x00001930	0	OBJECT	GLOBAL	_edata
FSVRD.IRX	0x00001930	0	OBJECT	GLOBAL	_fbss
FSVRD.IRX	0x0000a3a0	0	OBJECT	GLOBAL	end
FSVRD.IRX	0x0000a3a0	0	OBJECT	GLOBAL	_end
FSVRD.IRX	0x00009920	0	OBJECT	GLOBAL	_gp
VOIPF.IRX	0x00000000	0	NOTYPE	LOCAL	gcc2_compiled.
VOIPF.IRX	0x00000000	0	NOTYPE	LOCAL	__gnu_compiled_c
VOIPF.IRX	0x000018b0	0	NOTYPE	LOCAL	_StepLimit3
VOIPF.IRX	0x000018b4	0	NOTYPE	LOCAL	_StepIndex3
VOIPF.IRX	0x000018f0	128	NOTYPE	LOCAL	_StepTable3
VOIPF.IRX	0x00000480	0	NOTYPE	LOCAL	gcc2_compiled.
VOIPF.IRX	0x00000480	0	NOTYPE	LOCAL	__gnu_compiled_c
VOIPF.IRX	0x00001994	4	NOTYPE	LOCAL	_UDP_pSocket
VOIPF.IRX	0x00001970	36	NOTYPE	LOCAL	_UDP_Socket
VOIPF.IRX	0x00000890	0	NOTYPE	LOCAL	gcc2_compiled.
VOIPF.IRX	0x00000890	0	NOTYPE	LOCAL	__gnu_compiled_c
VOIPF.IRX	0x000018c8	0	NOTYPE	LOCAL	_VOIPRecvSeq
VOIPF.IRX	0x000018c9	0	NOTYPE	LOCAL	_VOIPSendSeq
VOIPF.IRX	0x000018cc	0	NOTYPE	LOCAL	_VOIPPing
VOIPF.IRX	0x00002618	16	NOTYPE	LOCAL	_VOIPStatusDMA
VOIPF.IRX	0x00002610	4	NOTYPE	LOCAL	_VOIPStatus
VOIPF.IRX	0x00001b00	4	NOTYPE	LOCAL	_VOIPMicOn
VOIPF.IRX	0x00001b08	4	NOTYPE	LOCAL	_VOIPRPCPlayVol
VOIPF.IRX	0x00001b0c	4	NOTYPE	LOCAL	_VOIPRPCRecVol
VOIPF.IRX	0x00001b18	64	NOTYPE	LOCAL	_VOIPRetData
VOIPF.IRX	0x000019a0	332	NOTYPE	LOCAL	DevInfo.4
VOIPF.IRX	0x000018d4	0	NOTYPE	LOCAL	oparam.5
VOIPF.IRX	0x00000aa0	776	FUNC	LOCAL	_VOIPEnumerate
VOIPF.IRX	0x00001af0	4	NOTYPE	LOCAL	_VOIPPlaying
VOIPF.IRX	0x00001af4	4	NOTYPE	LOCAL	_VOIPfdesc
VOIPF.IRX	0x00001aec	4	NOTYPE	LOCAL	_VOIPRecording
VOIPF.IRX	0x00001af8	4	NOTYPE	LOCAL	_VOIPDevOpen
VOIPF.IRX	0x00001afc	4	NOTYPE	LOCAL	_VOIPFailFrames
VOIPF.IRX	0x00001b04	4	NOTYPE	LOCAL	_VOIPstate
VOIPF.IRX	0x00001b10	4	NOTYPE	LOCAL	_VOIPMainPlayVol
VOIPF.IRX	0x00002458	440	NOTYPE	LOCAL	_VOIPXfer
VOIPF.IRX	0x00001b58	2304	NOTYPE	LOCAL	_VOIPFrame
VOIPF.IRX	0x00001b14	4	NOTYPE	LOCAL	_VOIPMainRecVol
VOIPF.IRX	0x000013e0	164	FUNC	LOCAL	_StartupParm
VOIPF.IRX	0x00001634	0	OBJECT	GLOBAL	lgAudStopRecording
VOIPF.IRX	0x00001780	0	OBJECT	GLOBAL	printf
VOIPF.IRX	0x000016c8	0	OBJECT	GLOBAL	sceInetGetInterfaceList
VOIPF.IRX	0x0000161c	0	OBJECT	GLOBAL	lgAudRead
VOIPF.IRX	0x000016c0	0	OBJECT	GLOBAL	sceInetControl
VOIPF.IRX	0x000017f8	0	OBJECT	GLOBAL	vblank_stub
VOIPF.IRX	0x0000170c	0	OBJECT	GLOBAL	sifcmd_stub
VOIPF.IRX	0x0000180c	0	OBJECT	GLOBAL	WaitVblankStart
VOIPF.IRX	0x000006cc	16	FUNC	GLOBAL	UDPGetConnected
VOIPF.IRX	0x000005b0	16	FUNC	GLOBAL	UDPInit
VOIPF.IRX	0x00001814	0	OBJECT	GLOBAL	WaitVblank
VOIPF.IRX	0x00001644	0	OBJECT	GLOBAL	lgAudStopPlayback
VOIPF.IRX	0x00001624	0	OBJECT	GLOBAL	lgAudWrite
VOIPF.IRX	0x00000da8	104	FUNC	GLOBAL	RPCThread
VOIPF.IRX	0x000004d4	220	FUNC	GLOBAL	UDPBroadband
VOIPF.IRX	0x000016f4	0	OBJECT	GLOBAL	CpuDisableIntr
VOIPF.IRX	0x0000160c	0	OBJECT	GLOBAL	lgAudOpen
VOIPF.IRX	0x0000164c	0	OBJECT	GLOBAL	lgAudSetPlaybackVolume
VOIPF.IRX	0x00001664	0	OBJECT	GLOBAL	lgAudGetRemainingPlaybackBytes
VOIPF.IRX	0x0000077c	268	FUNC	GLOBAL	UDPReceive
VOIPF.IRX	0x000017b4	0	OBJECT	GLOBAL	strtol
VOIPF.IRX	0x0000163c	0	OBJECT	GLOBAL	lgAudStartPlayback
VOIPF.IRX	0x00001614	0	OBJECT	GLOBAL	lgAudClose
VOIPF.IRX	0x0000175c	0	OBJECT	GLOBAL	sceSifSetDma
VOIPF.IRX	0x00001690	0	OBJECT	GLOBAL	sceInetCreate
VOIPF.IRX	0x000002ac	468	FUNC	GLOBAL	DVIDecodeBlock3
VOIPF.IRX	0x00000000	156	FUNC	GLOBAL	DVISetupBlock3
VOIPF.IRX	0x00001720	0	OBJECT	GLOBAL	sceSifInitRpc
VOIPF.IRX	0x000018c0	0	OBJECT	GLOBAL	Module
VOIPF.IRX	0x0000176c	0	OBJECT	GLOBAL	stdio_stub
VOIPF.IRX	0x000005c0	44	FUNC	GLOBAL	UDPShutdown
VOIPF.IRX	0x0000167c	0	OBJECT	GLOBAL	inet_stub
VOIPF.IRX	0x000016b8	0	OBJECT	GLOBAL	sceInetSendTo
VOIPF.IRX	0x000016b0	0	OBJECT	GLOBAL	sceInetRecvFrom
VOIPF.IRX	0x00001748	0	OBJECT	GLOBAL	sifman_stub
VOIPF.IRX	0x000017a4	0	OBJECT	GLOBAL	memcmp
VOIPF.IRX	0x000016a0	0	OBJECT	GLOBAL	sceInetClose
VOIPF.IRX	0x00001728	0	OBJECT	GLOBAL	sceSifRegisterRpc
VOIPF.IRX	0x000017ac	0	OBJECT	GLOBAL	memset
VOIPF.IRX	0x000016d0	0	OBJECT	GLOBAL	sceInetInterfaceControl
VOIPF.IRX	0x000005ec	224	FUNC	GLOBAL	UDPConnect
VOIPF.IRX	0x000006dc	44	FUNC	GLOBAL	UDPUnconnect
VOIPF.IRX	0x000016e0	0	OBJECT	GLOBAL	intrman_stub
VOIPF.IRX	0x000015f0	0	OBJECT	GLOBAL	lgaud_stub
VOIPF.IRX	0x0000009c	528	FUNC	GLOBAL	DVIEncodeBlock3
VOIPF.IRX	0x00000480	84	FUNC	GLOBAL	_UDPClose
VOIPF.IRX	0x00001790	0	OBJECT	GLOBAL	sysclib_stub
VOIPF.IRX	0x0000162c	0	OBJECT	GLOBAL	lgAudStartRecording
VOIPF.IRX	0x00000890	528	FUNC	GLOBAL	_VOIPRPCCallback
VOIPF.IRX	0x00001730	0	OBJECT	GLOBAL	sceSifSetRpcQueue
VOIPF.IRX	0x00001604	0	OBJECT	GLOBAL	lgAudEnumerate
VOIPF.IRX	0x000017c4	0	OBJECT	GLOBAL	thbase_stub
VOIPF.IRX	0x000017e8	0	OBJECT	GLOBAL	DelayThread
VOIPF.IRX	0x00001484	360	FUNC	GLOBAL	start
VOIPF.IRX	0x00000708	116	FUNC	GLOBAL	UDPTransmit
VOIPF.IRX	0x0000165c	0	OBJECT	GLOBAL	lgAudEnumHint
VOIPF.IRX	0x0000166c	0	OBJECT	GLOBAL	lgAudGetAvailableRecordingBytes
VOIPF.IRX	0x00001654	0	OBJECT	GLOBAL	lgAudSetRecordingVolume
VOIPF.IRX	0x000016fc	0	OBJECT	GLOBAL	CpuEnableIntr
VOIPF.IRX	0x000017d8	0	OBJECT	GLOBAL	CreateThread
VOIPF.IRX	0x00001698	0	OBJECT	GLOBAL	sceInetOpen
VOIPF.IRX	0x000016a8	0	OBJECT	GLOBAL	sceInetAbort
VOIPF.IRX	0x00000e10	1488	FUNC	GLOBAL	MainThread
VOIPF.IRX	0x00001738	0	OBJECT	GLOBAL	sceSifRpcLoop
VOIPF.IRX	0x000017e0	0	OBJECT	GLOBAL	StartThread
VOIPF.IRX	0x00000000	0	OBJECT	GLOBAL	_ftext
VOIPF.IRX	0x00001830	0	OBJECT	GLOBAL	etext
VOIPF.IRX	0x00001830	0	OBJECT	GLOBAL	_etext
VOIPF.IRX	0x00001830	0	OBJECT	GLOBAL	_fdata
VOIPF.IRX	0x000018f0	0	OBJECT	GLOBAL	edata
VOIPF.IRX	0x000018f0	0	OBJECT	GLOBAL	_edata
VOIPF.IRX	0x000018f0	0	OBJECT	GLOBAL	_fbss
VOIPF.IRX	0x00002630	0	OBJECT	GLOBAL	end
VOIPF.IRX	0x00002630	0	OBJECT	GLOBAL	_end
VOIPF.IRX	0x000098e0	0	OBJECT	GLOBAL	_gp
