kind	start	end	subject	origin	start_boundary	end_boundary	evidence
data	0x800236BC	0x8002373C	data_800236BC	target	exact	exact	Target bytes contain three NUL-terminated query strings and alignment padding; preceding blr at 0x800236B8 and following stack prologue at 0x8002373C. No original object name or source-unit claim.
data	0x80022F28	0x80022FF0	data_80022F28	target	exact	exact	Target constant pool follows blr at 0x80022F20 and padding, ending before the stack prologue at 0x80022FF0; lfs at 0x80021930 references its first float. Word 0x43D58000 at 0x80022F3C is data, not a branch. No original object grouping claimed.
function	0x8023877C	0x80238790	fn_8023877C	inferred	provisional	provisional	Branches at 0x801ABEB8 and 0x801ABEC0 enter hwsync followed by a loop through 0x80238780..0x8023878C; a distinct register accessor begins at 0x80238790. Candidate extent; original symbol and source boundaries unknown.
unit-anchor	0x802B1DC4	-	../../../Source/Common/UIStudio/UIStudio.c	target	-	-	Target NUL-terminated source-path string at this address. Code references and compilation-unit edges have not been established.
data	0x80025DE8	0x80025E00	data_80025DE8	target	exact	exact	Constant pool after blr at 0x80025DE4 and before prologue at 0x80025E00; lfd at 0x800251B0, lfs at 0x800251C0 and lfd at 0x800251CC load entries at 0x80025DE8, 0x80025DF0 and 0x80025DF8. No function or original object grouping claimed.
function	0x801AC9A0	0x801AC9A4	fn_801AC9A0	inferred	provisional	open	Branch to 0x801AC974 at start; blr at 0x801AC9A4 is unreachable from that branch. Original ownership of the trailing return is unresolved; do not split or count it as an independent recovered function.
function	0x801AC9A8	0x801AC9AC	fn_801AC9A8	inferred	provisional	open	Branch to 0x801AC974 at start; blr at 0x801AC9AC is unreachable from that branch. Original ownership of the trailing return is unresolved; do not split or count it as an independent recovered function.
function	0x801AC9B0	0x801AC9B4	fn_801AC9B0	inferred	provisional	open	Branch to 0x801AC974 at start; blr at 0x801AC9B4 is unreachable from that branch. Original ownership of the trailing return is unresolved; do not split or count it as an independent recovered function.
function	0x801AC9B8	0x801AC9BC	fn_801AC9B8	inferred	provisional	open	Branch to 0x801AC974 at start; blr at 0x801AC9BC is unreachable from that branch. Original ownership of the trailing return is unresolved; do not split or count it as an independent recovered function.
function	0x801AC9C0	0x801AC9C4	fn_801AC9C0	inferred	provisional	open	Branch to 0x801AC974 at start; blr at 0x801AC9C4 is unreachable from that branch. Original ownership of the trailing return is unresolved; do not split or count it as an independent recovered function.
function	0x801AC9C8	0x801AC9CC	fn_801AC9C8	inferred	provisional	open	Branch to 0x801AC974 at start; blr at 0x801AC9CC is unreachable from that branch. Original ownership of the trailing return is unresolved; do not split or count it as an independent recovered function.
function	0x801AC9D0	0x801AC9D4	fn_801AC9D0	inferred	provisional	open	Branch to 0x801AC974 at start; blr at 0x801AC9D4 is unreachable from that branch. Original ownership of the trailing return is unresolved; do not split or count it as an independent recovered function.
function	0x801AC9D8	0x801AC9DC	fn_801AC9D8	inferred	provisional	open	Branch to 0x801AC974 at start; blr at 0x801AC9DC is unreachable from that branch. Original ownership of the trailing return is unresolved; do not split or count it as an independent recovered function.
function	0x801AC9E0	0x801AC9E4	fn_801AC9E0	inferred	provisional	open	Branch to 0x801AC974 at start; blr at 0x801AC9E4 is unreachable from that branch. Original ownership of the trailing return is unresolved; do not split or count it as an independent recovered function.
function	0x801AC9E8	0x801AC9EC	fn_801AC9E8	inferred	provisional	open	Branch to 0x801AC974 at start; blr at 0x801AC9EC is unreachable from that branch. Original ownership of the trailing return is unresolved; do not split or count it as an independent recovered function.
function	0x801AC9F0	0x801AC9F4	fn_801AC9F0	inferred	provisional	open	Branch to 0x801AC974 at start; blr at 0x801AC9F4 is unreachable from that branch. Original ownership of the trailing return is unresolved; do not split or count it as an independent recovered function.
function	0x801AC9F8	0x801AC9FC	fn_801AC9F8	inferred	provisional	open	Branch to 0x801AC974 at start; blr at 0x801AC9FC is unreachable from that branch. Original ownership of the trailing return is unresolved; do not split or count it as an independent recovered function.
unit-anchor	0x802B1DF0	-	../../../Source/Common/UIStudio/UISEvent.c	target	-	-	Target NUL-terminated source-path string (43 bytes incl. NUL) at 0x802B1DF0; addi at 0x8021A124 (fn_8021A0D0) and 0x8021A258 (fn_8021A218) pass it as the file argument of the call through the word at 0x803EBF30 (lwz -0x6370(r13)), with line arguments 97 and 138. Anchors the path only; no extent claimed.
unit	0x8021A068	0x8021A438	../../../Source/Common/UIStudio/UISEvent.c	inferred	provisional	provisional	Both path-string users (0x8021A0D0, 0x8021A218) lie in the range and share the rodata block 0x802B1DF0-0x802B1E78. Start: 0x8021A020/0x8021A060 use no rodata/sdata, so the target alone cannot place them; Madden 2003 PS2 STABS (mitsevox/tw2004@7ff11052 docs/reference-builds/madden2003-ps2/UIStudio.c.txt, UISEvent.c.txt) puts UISIsActiveScreenEnabled/UISIsShuttingDown last in UIStudio.c and UISFindRateFnc first in UISEvent.c; ProDG 3.9.3 -O2 probes of those two bodies match 0x8021A020/0x8021A060 exactly. End: 0x8021A438 (no rodata) is called only from 0x8021A45C (4 sites); Madden puts static _UISPatchFncPC first in UISStack.c; rodata 0x802B1E78+ belongs to 0x8021A45C. Five functions in Madden UISEvent.c order. Source form: the error lines are the target literals 97 and 138 (li r5 at 0x8021A130, 0x8021A264); the related build places them 4 lines after each function's first line, suggesting __LINE__ in the original, which this file layout does not reproduce. The mode test at 0x8021A2B4-0x8021A2C0 (separate zero and one tests) is reproduced by a switch with case 1 and case 0/default; the if/else and default-only forms omit the zero test.
function	0x8021A068	0x8021A0D0	fn_8021A068	target	exact	exact	bl targets from 0x8021A14C, 0x8021A280, 0x8021A334 (same range) and 0x8021C1C4 (fn_8021A45C); preceded by blr at 0x8021A064; the bgelr/beqlr/blr loop ends at blr 0x8021A0CC; 0x8021A0D0 is a bl target (0x8021AAA8).
function	0x8021A0D0	0x8021A218	fn_8021A0D0	target	exact	exact	bl target from 0x8021AAA8; stack prologue at 0x8021A0D0; epilogue blr at 0x8021A214; 0x8021A218 is a bl target (0x8021AB08).
function	0x8021A218	0x8021A320	fn_8021A218	target	exact	exact	bl target from 0x8021AB08; prologue at 0x8021A218, blr at 0x8021A31C; 0x8021A320 is a bl target (0x8021AB30).
function	0x8021A320	0x8021A36C	fn_8021A320	target	exact	exact	bl target from 0x8021AB30; prologue at 0x8021A320, blr at 0x8021A368; 0x8021A36C is a bl target (0x80218350, 0x80218388, 0x802185FC, 0x802193AC).
function	0x8021A36C	0x8021A438	fn_8021A36C	target	exact	exact	bl target from 4 sites in 0x802182E4..0x802193AC; prologue at 0x8021A36C, blr at 0x8021A434; 0x8021A438 is a bl target (0x8021AA1C etc.).
name	0x8021A068	-	UISFindRateFnc	related	-	-	Madden NFL 2003 PS2 STABS (tw2004@7ff11052 .../UISEvent.c.txt): Uint32 UISFindRateFnc(UISInfoT*, UISControlInfoT*, Uint32 RateFncID), first in UISEvent.c. Target: scans count at +0x60 / array at +0x64 (stride 0x34), comparing entry+0x00 with r5 and entry+0x18 with r4; returns index. Original NFL Street 2 name not in target.
name	0x8021A0D0	-	UISLoadAdvRateFnc	related	-	-	Madden STABS 10-parameter signature (pInfo, pScreen, pControlInfo, pSubControlInfo, RateFncID, pEndFnc, pAcelFnc, MSDur, Float32 targValue, animType on stack) matches target register/stack use (r3-r10, f1, 0x58(r1)); Madden first line 93, target error line 97. Name not in target.
name	0x8021A218	-	UISLoadRateFnc	related	-	-	Madden STABS (pInfo, pScreen, pControlInfo, RateFncID, pFnc, MSRate) matches target r3-r8 use; Madden first line 134, target error line 138. Name not in target.
name	0x8021A320	-	UISUnloadRateFnc	related	-	-	Madden STABS (pInfo, pControlInfo, RateFncID); target calls 0x8021A068 with r3-r5 unchanged and stores 1 to entry+0x14 when index < count. Name not in target.
name	0x8021A36C	-	UISRemoveUnNessaryRateFncs	related	-	-	Madden STABS (pInfo; Int32 nRateFnc, nSlideFnc); target walks entries from count-1 down, removes State==1 entries by 0x34-byte block moves via 0x801C2030, sets State 0->2 (signed cmpw on indices). Name not in target.
data	0x802B1DF0	0x802B1E78	data_802B1DF0	target	exact	provisional	Contents: path string 0x802B1DF0 (43 B), message 0x802B1E1C (72 B incl. NUL, 'Attempting to load a rate function while it's screen is being unloaded.'), pad 0x802B1E64, double 0x4330000000000000 at 0x802B1E68 (lfd 0x8021A1C8), float 0.0 at 0x802B1E70 (lfs 0x8021A2EC); content ends 0x802B1E74. Preceding byte 0x802B1DEF pads the UIStudio.c path string at 0x802B1DC4 (used by 0x80219E18). End 0x802B1E78: pinned ProDG 3.9.3 NgcAs rounds .rodata size to section alignment (8 with a double), and the next constant 0x802B1E78 is used by 0x8021A45C; original assembler behaviour not independently confirmed.
data	0x803EBF30	0x803EBF34	data_803EBF30	target	exact	provisional	.sdata word (initial value 0) loaded via lwz -0x6370(r13) at 0x80219F50, 0x8021A118, 0x8021A24C and called through mtlr/blrl with (0, path, line, message); only store is stw at 0x8021D880 (fn_8021D880). Defined by the UISError.c unit (unit row 0x8021D880); placement in .sdata rather than .sbss/common is reproduced by an explicit = NULL initializer under ProDG 3.9.3 -O2 (inferred). 0x803EBF34 unreferenced.
function	0x8021C8B4	0x8021CA3C	fn_8021C8B4	target	exact	exact	bl target from 0x8021A1AC and 0x802184A8; compare-tree switch on r3 in 16..39 returning r4+field offset, default r4+0x48; blr at 0x8021CA38; 0x8021CA3C starts lis/addi accessor. ProDG 3.9.3 -O2 probe with Madden enum/layout matches all 98 instructions.
name	0x8021C8B4	-	UISGetActionPtrValue	related	-	-	Madden STABS UISUtils.c: Float32 *UISGetActionPtrValue(Uint32 Action, UISControlInfoT*). Target offsets match Madden UIS_ACTION_* enum and UISTransformT layout (e.g. 16->+0x20 Rotation.x, 19->+0x08 Offset.x, 22->+0x2C Scale.x, 25->+0x14 Pivot.x, 32->+0x58 AdditiveFactor.a, 36->+0x48 MultiplerFactor.a). Name not in target.
function	0x801C2030	0x801C20A0	fn_801C2030	target	exact	exact	bl target from 16 sites incl. 0x8021A3EC and 0x80219404; byte copy (dst r3, src r4, n r5) copying backward when src < dst < src+n, otherwise forward; returns r3 unchanged; blr at 0x801C209C; next function 0x801C20A0 is a varargs stub. memmove semantics; library identity/name not established.
function	0x801CE1E8	0x801CE1F0	fn_801CE1E8	target	exact	exact	lwz r3,-0x663C(r13) (0x803EBC64); blr. Only writer is setter 0x801CE1F0 (stw), whose only direct caller 0x80088FE0 passes 0; .sdata initial value 0. Meaning of the flag unknown.
function	0x8021D880	0x8021D888	fn_8021D880	target	exact	exact	stw r3,-0x6370(r13) (0x803EBF30); blr; bl target from 0x80189FA4; 0x8021D888 is a bl target. Madden name UISRegisterRuntimeErrorFnc (UISError.c) is related evidence only.
type	-	-	UISRateFncT	related	-	-	Madden STABS struct UISRateFnc_t size 0x34 with UISAnimateDataT at 0x20. Target stride 0x34: mulli 52 at 0x8021A0AC, 0x8021A164, 0x8021A298, 0x8021A344, 0x8021A398; 0x34-byte moves at 0x8021A3D8. All 13 word slots 0x00-0x30 accessed by the unit (fields below).
field	-	-	UISRateFncT.RateFncID (+0x00, u32)	related	-	-	Target: lwz/cmpw vs r5 at 0x8021A080/0x8021A0B0; stwx of RateFncID arg at 0x8021A180, 0x8021A2A8. Name from Madden STABS.
field	-	-	UISRateFncT.pFnc (+0x04, pointer)	related	-	-	Target: stw pAcelFnc arg (r9) at 0x8021A184; stw pFnc arg (r7) at 0x8021A2AC. Name from Madden STABS.
field	-	-	UISRateFncT.MSCount (+0x08, u32)	related	-	-	Target: stores 0 at 0x8021A198 and 0x8021A2FC. Name from Madden STABS. Storage signedness is not established by this unit; the out-of-unit consumer compares elapsed time against MSRate with signed cmpw at 0x802183F8 and 0x802185B0.
field	-	-	UISRateFncT.MSLastCount (+0x0C, u32)	related	-	-	Target: stores 0 at 0x8021A19C and 0x8021A300. Name from Madden STABS. Storage signedness is not established by this unit; the out-of-unit consumer compares elapsed time against MSRate with signed cmpw at 0x802183F8 and 0x802185B0.
field	-	-	UISRateFncT.MSRate (+0x10, u32)	related	-	-	Target: stw pInfo->+0x08 at 0x8021A1A4; stw MSRate or MSRate*60/50 (mulli 60, mulhwu 0x51EB851F, srwi 4) at 0x8021A2D8/0x8021A2E0. Name from Madden STABS. Storage signedness is not established by this unit; the out-of-unit consumer compares elapsed time against MSRate with signed cmpw at 0x802183F8 and 0x802185B0.
field	-	-	UISRateFncT.State (+0x14, u32/enum)	related	-	-	Target: stores 0 (0x8021A190, 0x8021A304), 1 (0x8021A354), 2 (0x8021A410); lwz/cmpwi 1 and 0 at 0x8021A3A4. Values match Madden UISRATE_LOAD/UNLOAD/ACTIVE.
field	-	-	UISRateFncT.pControlInfo (+0x18, pointer)	related	-	-	Target: compared with r4 at 0x8021A090/0x8021A0C0; stored at 0x8021A178, 0x8021A2A4. Name from Madden STABS.
field	-	-	UISRateFncT.pScreen (+0x1C, pointer)	related	-	-	Target: stw pScreen arg at 0x8021A17C, 0x8021A2F4. Name from Madden STABS.
field	-	-	UISRateFncT.AnimationData.iType (+0x20, u32)	related	-	-	Target: stw stack arg 0x58(r1) at 0x8021A1A8; passed as r3 to 0x8021C8B4; 0 at 0x8021A308. Name from Madden STABS (UISAnimateDataT at 0x20).
field	-	-	UISRateFncT.AnimationData.fEndValue (+0x24, float)	related	-	-	Target: stfs f1 arg at 0x8021A1A0; stfs 0.0f (0x802B1E70) at 0x8021A2F8. Name from Madden STABS.
field	-	-	UISRateFncT.AnimationData.fStepValue (+0x28, float)	related	-	-	Target: stfs computed (targ - *p) / ((float)MSDur / (float)MSPerTick) at 0x8021A1FC. Name from Madden STABS.
field	-	-	UISRateFncT.AnimationData.pEndFnc (+0x2C, pointer)	related	-	-	Target: stw pEndFnc arg (r8) at 0x8021A194; 0 at 0x8021A2F0. Name from Madden STABS.
field	-	-	UISRateFncT.AnimationData.pSubControlInfo (+0x30, pointer)	related	-	-	Target: stw r6 arg at 0x8021A174, reloaded at 0x8021A188 as r4 for 0x8021C8B4. Name from Madden STABS.
field	-	-	UISInfoT.MSPerTick (+0x08, u32)	related	-	-	Target: lwz at 0x8021A18C and 0x8021A1BC (unsigned->float via 0x4330000000000000). Same offset as Madden.
field	-	-	UISInfoT.NumRateFncs (+0x60, s32)	related	-	-	Target: lwz/cmplw at 0x8021A06C, 0x8021A33C; increment at 0x8021A160/0x8021A294; decrement at 0x8021A3C4; signed relational compare cmpw r29,r9 at 0x8021A3C0 (and cmpw at 0x8021A3F8) against an Int32 index, so the field is declared signed; the cmplw sites compare a Uint32 index and are unsigned for either declaration. Madden 2003 STABS declares Uint32 at +0x50 (related; conflicts). NFL Street 2 UISInfoT has 0x10 more bytes before the 0x2C+ fields (location unknown).
field	-	-	UISInfoT.RateFncs (+0x64, UISRateFncT*)	related	-	-	Target: lwz at 0x8021A07C, 0x8021A168, 0x8021A29C, 0x8021A348, 0x8021A39C, 0x8021A3D4. Madden offset 0x54.
field	-	-	UISScreenT.bWaitingToBeUnloaded (+0x0C, s32)	related	-	-	Target: lwz pScreen+0x0C nonzero test at 0x8021A0EC and 0x8021A230 before the error call. Same offset as Madden.
name	0x803EBF30	-	RuntimeErrorFnc	related	-	-	Madden 2003 PS2 STABS (tw2004@7ff11052 docs/reference-builds/madden2003-ps2, UISError.c) names the runtime error callback RuntimeErrorFnc; target word is set only by fn_8021D880 and called with (0, path, line, message). Original NFL Street 2 name not in target.
type	-	-	UISRuntimeErrorFncT	inferred	-	-	Calls through the word at 0x803EBF30 (loads at 0x8021A118, 0x8021A24C, 0x80219F50) pass r3=0, r4=path, r5=line, r6=message with no crclr/creqv 6 before blrl; ProDG 3.9.3 emits that CR6 instruction for unprototyped calls, so a prototype was in scope. Madden STABS does not record function-pointer parameter lists, so the related build cannot confirm it. Parameter types and signedness are inferred from the arguments only.
function	0x8021C654	0x8021C6A8	fn_8021C654	target	exact	exact	bl target from 0x80218250, 0x80218564 and 0x80219D1C; preceded by blr at 0x8021C650; loop over 8-byte entries at r3+0x10 (count r3+0x0C) ends with li r3,0; blr at 0x8021C6A4; 0x8021C6A8 is a bl target (0x80219DBC). Name and source boundary not claimed.
unit	0x8021D880	0x8021D888	../../../Source/Common/UIStudio/UISError.c	inferred	provisional	provisional	The only store to 0x803EBF30 (the callback that UISEvent.c and UIStudio.c call on errors). Madden NFL 2003 PS2 STABS (mitsevox/tw2004@7ff11052 docs/reference-builds/madden2003-ps2/UISError.c.txt) gives UISError.c a single 8-byte function, UISRegisterRuntimeErrorFnc, and links the UI Studio files as UIStudio, UISEvent, UISStack, UISUtils, UISError, UISActionProcess; the target keeps that order (UISEvent.c unit at 0x8021A068; UISStack pair 0x8021A438/0x8021A45C; the 25 functions 0x8021C5EC-0x8021D880 follow Madden UISUtils.c order with comparable sizes, e.g. UISGetActionPtrValue 0x8021C8B4 and the four 0xC/0xC/0x1C/0x1C colour accessors at 0x8021CA3C). The target alone does not separate this function from the UISUtils functions before it or the UISActionProcess functions after it, so both edges rest on the related file order. Owns .sdata 0x803EBF30 (RuntimeErrorFnc = NULL).
unit	0x8021D888	0x8021DE9C	../../../Source/Common/UIStudio/UISActionProcess.c	inferred	provisional	provisional	Seven functions in Madden NFL 2003 PS2 STABS (mitsevox/tw2004@7ff11052 docs/reference-builds/madden2003-ps2/UISActionProcess.c.txt) order: static UISAddThreadActionAt, UISAddThreadAction, static _UISCanDoUnloadAction, UISThreadProcessHints, static _UISDoThreadAction, static _UISDoThreadControlAction, UISProcessThreadAction. The static ones are called only from inside the range (0x8021D888 from 0x8021D94C and 0x8021DC10; 0x8021D968 from 0x8021DBC8; 0x8021DAA4 from 0x8021DE64; 0x8021DD50 from 0x8021DE44). No rodata, .sdata, .sbss or .sdata2 references occur in the range. Start: after the 8-byte UISError.c setter (related order). End: 0x8021DE9C is called only from 0x8021E884 and 0x8021E8EC, outside the UI Studio functions; that next library is not yet identified.
function	0x8021D888	0x8021D904	fn_8021D888	target	exact	exact	bl target from 0x8021D94C and 0x8021DC10 (same range); preceded by blr at 0x8021D884; frameless leaf ending at blr 0x8021D900 (beqlr/bltlr exits at 0x8021D8D0/0x8021D8D8); 0x8021D904 is a bl target.
function	0x8021D904	0x8021D968	fn_8021D904	target	exact	exact	bl target from 12+ sites incl. 0x8021902C, 0x8021A8CC, 0x8021B408; prologue at 0x8021D904, blr at 0x8021D964; 0x8021D968 is a bl target (0x8021DBC8).
function	0x8021D968	0x8021D9D4	fn_8021D968	target	exact	exact	bl target from 0x8021DBC8 only; frameless leaf with blr at 0x8021D9AC and 0x8021D9D0; 0x8021D9D4 is a bl target (0x8021933C).
function	0x8021D9D4	0x8021DAA4	fn_8021D9D4	target	exact	exact	bl target from 0x8021933C; prologue at 0x8021D9D4, blr at 0x8021DAA0; 0x8021DAA4 is a bl target (0x8021DE64).
function	0x8021DAA4	0x8021DD50	fn_8021DAA4	target	exact	exact	bl target from 0x8021DE64 only; prologue at 0x8021DAA4; all switch arms branch to the epilogue at 0x8021DD38, blr at 0x8021DD4C; 0x8021DD50 is a bl target (0x8021DE44).
function	0x8021DD50	0x8021DDF4	fn_8021DD50	target	exact	exact	bl target from 0x8021DE44 only; prologue at 0x8021DD50, blr at 0x8021DDF0; 0x8021DDF4 is a bl target.
function	0x8021DDF4	0x8021DE9C	fn_8021DDF4	target	exact	exact	bl target from 0x80218244, 0x802195CC, 0x80219638, 0x802196EC, 0x80219A70; prologue at 0x8021DDF4, blr at 0x8021DE98; 0x8021DE9C begins a new stack frame and is a bl target (0x8021E884).
function	0x80218AF0	0x80218CB8	fn_80218AF0	target	exact	exact	bl target from 0x80218F18 and 0x8021DB78; prologue at 0x80218AF0, blr at 0x80218CB4; 0x80218CB8 begins a new frame. Name and unit not claimed by this row.
function	0x802191F0	0x8021956C	fn_802191F0	target	exact	exact	bl target from 0x8021DBE4; prologue at 0x802191F0, blr at 0x80219568; 0x8021956C begins a new frame and is a bl target.
function	0x80219854	0x8021992C	fn_80219854	target	exact	exact	bl target from 0x80219E68, 0x80219F20, 0x8021DD10; prologue at 0x80219854, blr at 0x80219928; 0x8021992C begins a new frame and is a bl target.
function	0x80219BA0	0x80219E18	fn_80219BA0	target	exact	exact	bl target from 0x80219D10, 0x8021DCD8, 0x8021DDD0; prologue at 0x80219BA0, blr at 0x80219E14; 0x80219E18 begins a new frame and is a bl target.
function	0x80219E18	0x80219F84	fn_80219E18	target	exact	exact	bl target from 0x8021DC70 and 0x8021DC88; prologue at 0x80219E18, blr at 0x80219F80; 0x80219F84 begins a new frame and is a bl target (0x8021C194). References the UIStudio.c path string 0x802B1DC4.
function	0x8021C5EC	0x8021C654	fn_8021C5EC	target	exact	exact	bl target from 15 sites incl. 0x80218B1C, 0x8021DA5C, 0x8021DB94; frameless leaf, blr at 0x8021C650; 0x8021C654 is a bl target.
function	0x8021D404	0x8021D620	fn_8021D404	target	exact	exact	bl target from 0x8021DD34; prologue at 0x8021D404, blr at 0x8021D61C; 0x8021D620 begins a new frame and is a bl target.
function	0x8021D718	0x8021D7B8	fn_8021D718	target	exact	exact	bl target from 0x8021D814, 0x8021DA7C, 0x8021DC2C; prologue at 0x8021D718, blr at 0x8021D7B4; 0x8021D7B8 begins a new frame and is a bl target.
name	0x8021D880	-	UISRegisterRuntimeErrorFnc	related	-	-	Madden NFL 2003 PS2 STABS (mitsevox/tw2004@7ff11052 docs/reference-builds/madden2003-ps2/UISError.c.txt): void UISRegisterRuntimeErrorFnc(UISRuntimeErrorFncT*), 8 bytes, sets RuntimeErrorFnc. Target: stores r3 to 0x803EBF30 and returns. Name not in target.
name	0x8021D888	-	UISAddThreadActionAt	related	-	-	Madden NFL 2003 PS2 STABS (mitsevox/tw2004@7ff11052 docs/reference-builds/madden2003-ps2/UISActionProcess.c.txt): static UISParamT *UISAddThreadActionAt(pInfo, pLocalThreadInfo, pInputThreadInfo, Int16 GroupID, Int16 ScreenID, Action, Int32 nParms, UISParamT *pParms). Target uses r4-r10 in that order (r3 unused), pushes Action/GroupID/ScreenID, copies 16 bytes from r5, pushes nParms and the r10 words in reverse; returns the new stack top. Name not in target.
name	0x8021D904	-	UISAddThreadAction	related	-	-	Madden NFL 2003 PS2 STABS (mitsevox/tw2004@7ff11052 docs/reference-builds/madden2003-ps2/UISActionProcess.c.txt): void UISAddThreadAction(Int16 GroupID, Int16 ScreenID, pInfo, Action, pInputThreadInfo, Int32 nParms, pParms). Target passes r5+0xC0 (ThreadInfo.pCurrentParams) and its other arguments to 0x8021D888 and stores the result back. Name not in target.
name	0x8021D968	-	_UISCanDoUnloadAction	related	-	-	Madden NFL 2003 PS2 STABS (mitsevox/tw2004@7ff11052 docs/reference-builds/madden2003-ps2/UISActionProcess.c.txt): static Bool _UISCanDoUnloadAction(Uint16 GroupID, Uint16 ScreenID, pInfo, pLocalThreadInfo). Target walks the queue below r6 and returns 0 when an action > 1 names the same group/screen, else 1. Name not in target.
name	0x8021D9D4	-	UISThreadProcessHints	related	-	-	Madden NFL 2003 PS2 STABS (mitsevox/tw2004@7ff11052 docs/reference-builds/madden2003-ps2/UISActionProcess.c.txt): Bool UISThreadProcessHints(pInfo, Uint16 GroupID, Uint16 ScreenID). Target walks the queue and calls 0x8021D718 for action 9 entries of that screen when 0x8021C5EC finds it; returns 1. Name not in target.
name	0x8021DAA4	-	_UISDoThreadAction	related	-	-	Madden NFL 2003 PS2 STABS (mitsevox/tw2004@7ff11052 docs/reference-builds/madden2003-ps2/UISActionProcess.c.txt): static UISParamT *_UISDoThreadAction(pInfo, pLocalThreadInfo, UISParamT **pNextFrameThreadInfo); locals Action, pLoadInfo, nParms, pParms, Uint16 GroupID, Uint16 ScreenID, pScreen. Target: switch on actions 0-9 with the callees named in the name rows below; requeues an unload through 0x8021D888 into *r5. Name not in target.
name	0x8021DD50	-	_UISDoThreadControlAction	related	-	-	Madden NFL 2003 PS2 STABS (mitsevox/tw2004@7ff11052 docs/reference-builds/madden2003-ps2/UISActionProcess.c.txt): static UISParamT *_UISDoThreadControlAction(pInfo, pLocalThreadInfo). Target runs only actions 5 and 6 (0x80219BA0) and returns the next entry. Name not in target.
name	0x8021DDF4	-	UISProcessThreadAction	related	-	-	Madden NFL 2003 PS2 STABS (mitsevox/tw2004@7ff11052 docs/reference-builds/madden2003-ps2/UISActionProcess.c.txt): void UISProcessThreadAction(pInfo, Bool bControlEventsOnly); local pNextFrameInfo on the stack. Target: guarded by CriticalRegions bit 0; loops 0x8021DD50 or 0x8021DAA4 (with &pNextFrameInfo at 8(r1)). Name not in target.
name	0x80218AF0	-	UISInternalLoadScreen	related	-	-	Madden NFL 2003 PS2 STABS (mitsevox/tw2004@7ff11052 docs/reference-builds/madden2003-ps2/UIStudio.c.txt): Bool UISInternalLoadScreen(pInfo, Uint16 GroupID, ScreenID, ParentGroupID, ParentScreenID, Uint8 nParams, UISParamT *pParams). The load action at 0x8021DB5C passes four halfwords, nParms masked to 8 bits (clrlwi r8,r25,24) and pParms. Name not in target.
name	0x802191F0	-	UISInternalUnloadScreen	related	-	-	Madden NFL 2003 PS2 STABS (mitsevox/tw2004@7ff11052 docs/reference-builds/madden2003-ps2/UIStudio.c.txt): Bool UISInternalUnloadScreen(pInfo, Uint16 GroupID, Uint16 ScreenID, Int32 iRetVal). The unload action at 0x8021DBD4 passes the group/screen halfwords and the word at +8, and tests the result. Name not in target.
name	0x80219854	-	UISProcessInternalEvents	related	-	-	Madden NFL 2003 PS2 STABS (mitsevox/tw2004@7ff11052 docs/reference-builds/madden2003-ps2/UIStudio.c.txt): void UISProcessInternalEvents(pInfo, UISStackInfoT *pStackInfo, Int32 Channel, Uint32 Message, nParam, pParam, Bool AllScreens). Actions 2 and 7 pass pInfo+0x74 (Madden EventStack +0x10), two words, nParms, pParms and 1 or 0. Name not in target.
name	0x80219BA0	-	UISInternalActivateControl	related	-	-	Madden NFL 2003 PS2 STABS (mitsevox/tw2004@7ff11052 docs/reference-builds/madden2003-ps2/UIStudio.c.txt): void UISInternalActivateControl(pInfo, Bool bActivate, Uint32 iDir, pControlInfo, UISControlListT *pTableEntry, Uint16 GroupID, Uint16 ScreenID). Actions 5/6 pass 1/0, the signed halfword at +0, words +8 and +4, halfwords +0xC and +0xE. Name not in target.
name	0x80219E18	-	UISInternalActivateScreen	related	-	-	Madden NFL 2003 PS2 STABS (mitsevox/tw2004@7ff11052 docs/reference-builds/madden2003-ps2/UIStudio.c.txt): void UISInternalActivateScreen(pInfo, Bool bActivate, Uint16 GroupID, Uint16 ScreenID). Actions 3/4 pass 1/0 and the halfwords at +0/+2. Uses the UIStudio.c path string 0x802B1DC4. Name not in target.
name	0x8021C5EC	-	UISFindScreen	related	-	-	Madden NFL 2003 PS2 STABS (mitsevox/tw2004@7ff11052 docs/reference-builds/madden2003-ps2/UISUtils.c.txt): UISFindScreen(pInfo, GroupID, ScreenID), first in UISUtils.c, declared Uint32. Callers compare the result with pInfo+0x44 (NumScreens) and index pInfo+0x48 (Screens, stride 0x14). Name not in target.
name	0x8021D404	-	UISMoveScreenDrawPosition	related	-	-	Madden NFL 2003 PS2 STABS (mitsevox/tw2004@7ff11052 docs/reference-builds/madden2003-ps2/UISUtils.c.txt): void UISMoveScreenDrawPosition(pInfo, Uint16 GroupID, Uint16 ScreenID, Int32 iDir). Action 8 passes halfwords +0/+2 and word +0xC. Name not in target.
name	0x8021D718	-	UISDoHint	related	-	-	Madden NFL 2003 PS2 STABS (mitsevox/tw2004@7ff11052 docs/reference-builds/madden2003-ps2/UISUtils.c.txt): void UISDoHint(pInfo, Hint, nParms, pParam); Madden's _UISDoThreadAction HINT case calls it. Target action 9 and UISThreadProcessHints pass the word at +0, nParms and pParms. Name not in target.
type	-	-	UISParamT	related	-	-	Madden STABS union UISParam_t (4 bytes). The queue is accessed only as whole words (lwz/stw/stwu, lwzu) and low halfwords (lhz +2), so only iValue is declared; the other Madden members are not used by these units.
type	-	-	UISThreadGroupInfoT	related	-	-	Madden STABS 16-byte union of MessageInfo/ActivateInfo/ScreenInfo/GenericInfo. Target copies it as four words (0x8021D8A0-0x8021D8C4) and reads the views listed in the field rows below.
type	-	-	UISLocalThreadInfoT	related	-	-	Madden STABS struct at UISInfoT+0xAC (pBeginParams, pCurrentParams, ppEndParams). Target: pInfo+0xBC is the queue start (lwz at 0x8021DA00, 0x8021DE14) and +0xC0 its current top (0x8021D934, 0x8021D968, 0x8021DE30); ppEndParams is not used and not declared.
type	-	-	UISThreadActionT	related	-	-	Madden STABS enum values Load 0 .. HINT 9; target switch at 0x8021DACC dispatches on those values to the matching callees (e.g. 1 unload 0x802191F0, 8 move 0x8021D404, 9 hint 0x8021D718). Unsigned compares (cmplwi at 0x8021D984, 0x8021DAF8) match an enum with non-negative members.
type	-	-	UISCRITICAL_* (CriticalRegions bits)	inferred	-	-	Readable names only, not recovered. Bit 0 (andi. at 0x8021D9F4, 0x8021DE0C; set/cleared at 0x8021DE18, 0x8021DE80) guards queue processing; bit 1 is set around the UISProcessInternalEvents calls of actions 2 and 7 (0x8021DC44, 0x8021DCF8; cleared at 0x8021DD18).
type	-	-	UISScreenT (size 0x14)	related	-	-	Target stride 20: mulli r0,r3,20 at 0x8021DBA8 indexing pInfo+0x48. Madden size 0x14. Only bWaitingToBeUnloaded (+0x0C) is declared.
field	-	-	UISInfoT.CriticalRegions (+0x04, u32)	related	-	-	Target: lwz/ori/stw and rlwinm/clrrwi on pInfo+4 (0x8021D9EC, 0x8021DC34, 0x8021DE08). Madden name and offset.
field	-	-	UISInfoT.NumScreens (+0x44, u32)	related	-	-	Target: lwz 68(r30) compared unsigned with the UISFindScreen result at 0x8021DA60 and 0x8021DB98. Madden NumScreens at 0x34 (+0x10 shift as for NumRateFncs).
field	-	-	UISInfoT.Screens (+0x48, UISScreenT*)	related	-	-	Target: lwz 72(r30) at 0x8021DBAC, indexed by stride 0x14. Madden Screens at 0x38.
field	-	-	UISInfoT.EventStack (+0x74, UISStackInfoT)	related	-	-	Target: addi r4,r30,116 passed as pStackInfo at 0x8021DC48, 0x8021DCFC. Madden EventStack at 0x64 (size 0x14). Contents not used here; declared as 0x14 bytes of padding.
field	-	-	UISInfoT.ThreadInfo (+0xBC, UISLocalThreadInfoT)	related	-	-	Target: addi 188 / lwz 188 / lwz 192 (see UISLocalThreadInfoT). Madden ThreadInfo at 0xAC.
field	-	-	UISThreadGroupInfoT.ScreenInfo.{GroupID,ScreenID,ParentGroupID,ParentScreenID} (+0x0..+0x6, u16)	related	-	-	Target: lhz 0/2/4/6(r31) for the load action (0x8021DB5C-0x8021DB74); lhz 0/2 for unload, activate-screen and move. Madden layout.
field	-	-	UISThreadGroupInfoT.ScreenInfo.iRetVal (+0x08, u32) / iDir (+0x0C, s32)	related	-	-	Target: lwz 8(r31) passed to 0x802191F0 at 0x8021DBD4; lwz 12(r31) to 0x8021D404 at 0x8021DD24. Madden layout.
field	-	-	UISThreadGroupInfoT.ActivateInfo.{iDir,iProcessed} (+0x0, +0x2, s16)	related	-	-	Target: lha 0 and lha 2 (0x8021DC90-0x8021DC9C, 0x8021DD94); sth 1 to +2 after the call (0x8021DCE0, 0x8021DDD8). Madden layout.
field	-	-	UISThreadGroupInfoT.ActivateInfo.{pTableEntry,pControlInfo} (+0x4, +0x8)	related	-	-	Target: lwz 4 and lwz 8 passed as the pTableEntry and pControlInfo arguments of 0x80219BA0. Madden layout.
field	-	-	UISThreadGroupInfoT.ActivateInfo.GroupID (+0xC, u16) / ScreenID (+0xE, u16)	inferred	-	-	Target passes lhz 12 and lhz 14 as the sixth and seventh arguments of 0x80219BA0 (0x8021DCD0, 0x8021DDC8), which Madden's UISInternalActivateControl names GroupID, ScreenID. Madden's UISThreadGroupInfoActivateT names +0xC ScreenID and +0xE GroupID, which conflicts; the names here follow the argument positions and the difference is unresolved.
field	-	-	UISThreadGroupInfoT.MessageInfo.{Message,Controller} (+0x0, +0x4, u32)	related	-	-	Target action 7 passes lwz 4 as Channel and lwz 0 as Message to 0x80219854 (0x8021DD08-0x8021DD0C); hints pass lwz 0 as the hint (0x8021DA6C, 0x8021DC1C). Madden layout.
field	-	-	UISThreadGroupInfoT.GenericInfo.Data[0] (+0x0, u32)	inferred	-	-	Action 2 passes lwz 0(r31) as the Channel argument with Message -8 (li r6,-8 at 0x8021DC50). Which union view the original used is not established; the -8 event value is a target literal without a recovered name.
