Section	VirtualAddress	VirtualSize	RawOffset	RawSize
.text	0x00011000	0x001dbcfc	0x001dbcfc	0x00001000
D3D	0x001ecd00	0x00013f98	0x000106d0	0x001dd000
XGRPH	0x00200ca0	0x000015d4	0x000015d4	0x001ee000
DSOUND	0x00202280	0x0000a6b4	0x0000a44c	0x001f0000
WMADEC	0x0020c940	0x0001907c	0x0001907c	0x001fb000
D3DX	0x002259c0	0x00000240	0x00000240	0x00215000
XPP	0x00225c00	0x00007ec8	0x00007ec8	0x00216000
.rdata	0x0022dae0	0x00013518	0x00013508	0x0021e000
.data	0x00241000	0x00147274	0x00050290	0x00232000
DOLBY	0x00388280	0x00007180	0x0000716c	0x00283000
$$XTIMAGE	0x0038f400	0x00002800	0x00002800	0x0028b000
.XTLID	0x00391c00	0x00000570	0x00000570	0x0028e000
